Workbook_Study,Clean_Workbook_Study,Author_Year_Key,Workbook_Conditions,Workbook_Sheets,Proposed_Review_Group,Priority,Extractability,Review_Queue_Status,Dedup_And_Scope_Note,Triage_Rationale,Data_Summary,Outcome_Summary,Region_Summary,Suggested_Next_Action
Calzolari et al. 2021,"Calzolari et al., 2021",calzolari|2021,Traumatic Brain Injury (TBI) with vestibular agnosia,DTI,Post-traumatic or concussive vestibulopathy,high,likely_extractable_roi_effects,ready_for_manual_review,Workbook study label normalized for year or punctuation noise.,"Workbook notes suggest explicit regions, quantitative imaging metrics, and a usable comparison design.","37 patients, 37 age-matched controls; 3T DTI; Vestibular perceptual and vestibular ocular reflex threshold tests; reaction time and vigilance tests; posturography; Dizziness Handicap Inventory; Activity-Specific Balance Confidence Scale",Fractional anisotropy (FA); structural connectivity,"corpus callosum (bilateral, genu, body, splenium), fornix (bilateral, column, body, cres),internal capsule (bilateral, anterior limb, posterior limb, retrolenticular part), corona radiata (bilateral, anterior, superior, posterior), cerebral peduncle (bilateral), anterior thalamic radiation (bilateral), posterior thalamic radiation (right), sagittal stratum (bilateral), external capsule (bilateral), superior longitudinal fasciculus (bilateral), inferior longitudinal fasciculus (bilateral), superior fronto-occipital fasciculus (right), uncinate fasciculus (bilateral), cingulum (bilateral, cingulate gyrus), fornix (bilateral, column, body), fornix/stria terminalis (bilateral), tapetum (bilateral)",Review the paper first for table or supplement statistics and add to the extraction queue if ROI-level group data are present.
"Conrad et al., 2021","Conrad et al., 2021",conrad|2021,Cerebellar infarction,DTI; MRI_WM; fMRI,Stroke or ischemic vestibular-circuit lesions,high,likely_extractable_roi_effects,ready_for_manual_review,No duplicate or scope warning detected in the workbook triage pass.,"Workbook notes suggest explicit regions, quantitative imaging metrics, and a usable comparison design.","7 patients with midline cerebellar infarcts and vestibular and ocularmotor symptoms, 38 age-matched healthy controls, 50 unrelated healthy individuals; 2 time poins (baseline, 6 months), 3T MRI (VBM SPM12), 3T rsfMRI; vestibulo-ocular reflex (VOR) and SVV tests","GM/WM volume, FC","Cerebellum (bilateral, crus I, crus II, lobule VI, lobule VIII, lobule IX, lobule X), premotor cortex (bilateral, corticospinal tract), corpus callosum (bilateral, genu, body), dorsolateral prefrontal cortex (bilateral), ventrolateral prefrontal cortex (bilateral), precentral gyrus (left, area 4), inferior fronto-occipital fasciclus (bilateral), uncinate fasciclus (bilateral), superior longitudinal fasciclus (bilateral), MT+(left); | WMV: cerebellum (bilateral, crus I, crus II, lobule VI, lobule VIII, lobule IX, lobule X), premotor cortex (bilateral, corticospinal tract), corpus callosum (bilateral, genu, body), dorsolateral prefrontal cortex (bilateral), ventrolateral prefrontal cortex (bilateral), precentral gyrus (left, area 4), inferior fronto-occipital fasciclus (bilateral), uncinate fasciclus (bilateral), superior longitudinal fasciclus (bilateral), MT+(left); GMV: thalamus (left, ventral posterior lateral nucleus), rostral prefrontal cortex (bilateral, area 24, area 32), dorsolateral and ventral prefrontal cortex (bilateral, DLPFC, vPFC, area 44, area 45), premotor cortex (bilateral, area 6d, area 6mr/mc), precentral gyrus(right, area 4a/p), anterior cingulate cortex (aCG), parieto-insular vestibular cortex (bilateral, area Ig 1, area pOP, area OP2), postcentral gyrus (right, area 1, area 2 , area 3), posterior parietal cortex (bilateral, area 7a/p, area hIP1, area hIP2, area hIP3), cerebellum (bilateral, lobule X (flocculus/paraflocculus), lobule VI, lobule VIII, Crus II), area FG1, area FG2, area FG3, area FG4, entorhinal cortex, subiculum, hippocampus (DG, CA1), amygdala, occipital cortex (bilateral, area hOC1, area hOC2, area hOC3v, area hOC4v/la/lp, area hOC5 (MT+)), occipital cortex (right, area hOC3d, area hOC4d)",Review the paper first for table or supplement statistics and add to the extraction queue if ROI-level group data are present.
"Conrad et al., 2023","Conrad et al., 2023",conrad|2023,Thalamic infarction,DTI; fMRI,Stroke or ischemic vestibular-circuit lesions,high,likely_extractable_roi_effects,ready_for_manual_review,No duplicate or scope warning detected in the workbook triage pass.,"Workbook notes suggest explicit regions, quantitative imaging metrics, and a usable comparison design.","74 patients with acute unilateral circumscribed ischemic thalamic infarct or hemmorhage, 3T DTI, 270 unrelated subjects from the Human Connectome Project with 7T fMRI; subjective visual vertical (SVV) tasks","Thalamic connectivity (FA/MD), BOLD activation","thalamus (bilateral, ventral posterior lateral nucleus, ventral posterior medial nucleus, ventral lateral nucleus, medial pulvinar, ventral posterior inferior nucleus, reticular nucleus, central medial/parafascicular nucleus complex), cerebellar peduncle (bilateral, middle, superior), somatosensory cortex (bilateral, area 2v, area 3av, area S2), primary motor cortex (bilateral), insula (bilateral, retroinsular cortex, area dIg, area Ig1, area Ig2), inferior parietal lobule (bilateral, area PF, area PG), superior parietal lobule (bilateral, area 7ip, area 7r), parieto-insular vestibular cortex (bilateral, area Ri, area OP2, area OP3, area OP4), ventrolateral prefrontal cortex (bilateral), supramarginal gyrus (bilateral), inferior frontal gyrus (bilateral), cerebellum (bilateral, lobule IX, deep nuclei), corona radiata (bilateral, anterior, superior, posterior), internal capsule (bilateral, anterior limb, posterior limb, retrolenticular limb), external capsule (bilateral), sagittal stratum (bilateral), posterior thalamic radiation (bilateral), uncinate fasciculus (bilateral), superior fronto-occipital fasciculus (right), cingulum (bilateral, cingulate gyrus), tapetum (bilateral), longitudinal fasciculus (bilateral, medial, inferior), red nucleus (bilateral), brainstem (bilateral, ascending tract of Deiters, paramedian reticular formation, medial lemniscus, interstitial nucleus of Cajal)",Review the paper first for table or supplement statistics and add to the extraction queue if ROI-level group data are present.
"Fan et al., 2022","Fan et al., 2022",fan|2022,Acute Vestibular Neuritis Recovery,DTI,Unilateral vestibular loss or deafferentation,high,likely_extractable_roi_effects,ready_for_manual_review,No duplicate or scope warning detected in the workbook triage pass.,"Workbook notes suggest explicit regions, quantitative imaging metrics, and a usable comparison design.",43 VN patients who were treated with a gastrodin injection of 600 mg QD and cobamamide tablets for 1 week in combination with vestibular rehabilitation therapy for 6 weeks; 23 controls; 3T DTI,Visual rating (Fazekas score) of WMH burden,Periventricular and deep subcortical white matter.,Review the paper first for table or supplement statistics and add to the extraction queue if ROI-level group data are present.
"Gam et al., 2022","Gam et al., 2022",gam|2022,Cerebellar lesion,DTI,Stroke or ischemic vestibular-circuit lesions,high,likely_extractable_roi_effects,ready_for_manual_review,No duplicate or scope warning detected in the workbook triage pass.,"Workbook notes suggest explicit regions, quantitative imaging metrics, and a usable comparison design.","4 patients with cerebellar stroke damage, 6 healthy controls; 1.5T DTI (FMRIB FSL)",Tractography in ascending vestibular projection pathways,"Brainstem (vestibular nuclei, pons, medulla oblongata), cerebellum, thalamus, parieto-insular vestibular cortex, parietal cortex. through the inferior cerebellar peduncle to the cerebellar cortex, then ascending to thalamus and parietal operculum.",Review the paper first for table or supplement statistics and add to the extraction queue if ROI-level group data are present.
"Hazzaa et al., 2022","Hazzaa et al., 2022",hazzaa|2022,White matter disease,DTI; MRI_WM,White matter disease or small-vessel lesions,high,likely_extractable_roi_effects,ready_for_manual_review,No duplicate or scope warning detected in the workbook triage pass.,"Workbook notes suggest explicit regions, quantitative imaging metrics, and a usable comparison design.","30 patients with WM lesions (various etiologies), 20 controls; T2/FLAIR MRI + vestibular tests",WM lesion burden vs. vestib. tests,"dentate nuclear region, the vestibular nuclear region (VN), the middle longitudinal fascicle (MLF), and the corticospinal tract (CST); brainstem (bilateral, III, INC, riMLF, MLF), cerebellum (bilateral, lobule X, flocculus), trigeminal toor entry zone",Review the paper first for table or supplement statistics and add to the extraction queue if ROI-level group data are present.
"Helmchen et al., 2010","Helmchen et al., 2010",helmchen|2010,VN Following Recovery from Surgical Removal of Unilateral Acoustic Neuroma,MRI_GM,Vestibular schwannoma resection,high,likely_extractable_roi_effects,ready_for_manual_review,No duplicate or scope warning detected in the workbook triage pass.,"Workbook notes suggest explicit regions, quantitative imaging metrics, and a usable comparison design.","15 patients, 15 age- and gender-matched controls",VBM SPM2 (1.5T T1w MRI); Functional disability; Hearing ability,"Postcentral gyrus (bilateral), MT/V5 (bilateral), cerebellum (bilateral, crus II), cerebellum (left, lobule VIIb tonsil), cerebellum (right, vermis lobule VI), superior frontal gyrus (right), middle frontal gyrus (right), orbital gyrus (left), posterior cingulate (left); Superior temporal gyrus (left, right), posterior insula, inferior parietal lobe, Heschl’s gyrus, anterolateral prefrontal cortex (left), orbitofrontal gyrus (left), fusiform gyrus (left), superior temporal gyrus (left), cerebellum (right, lobule VI), cerebellum (left, lobule VIIb), cerebellum (right, lobule IX).",Review the paper first for table or supplement statistics and add to the extraction queue if ROI-level group data are present.
"Hong, Kim, Kim, & Lee, 20141","Hong, Kim, Kim, & Lee, 2014",hong|2014,Unilateral VN Recovery,MRI_GM,Unilateral vestibular loss or deafferentation,high,likely_extractable_roi_effects,ready_for_manual_review,Workbook study label normalized for year or punctuation noise.,"Workbook notes suggest explicit regions, quantitative imaging metrics, and a usable comparison design.",9 patients,VBM SPM8,"Inferior frontal gyrus (right), insula (right), superior temporal sulcus (right), lingual gyrus (right), middle occipital gyrus (left), inferior occipital gyrus (left), hippocampus (bilateral), parahippocampal gyrus (bilateral), caudate nucleus (left), cerebellum (bilateral), flocculus (right); Medial superior frontal gyrus (right), middle orbital gyrus (right), cerebellar vermis, cerebellar hemisphere (right)",Review the paper first for table or supplement statistics and add to the extraction queue if ROI-level group data are present.
"Hänggi et al., 2010","Hänggi et al., 2010",hanggi|2010,“Vestibular Experts” (professional ballet dancers),DTI; MRI_GM,Vestibular experts,high,likely_extractable_roi_effects,ready_for_manual_review,No duplicate or scope warning detected in the workbook triage pass.,"Workbook notes suggest explicit regions, quantitative imaging metrics, and a usable comparison design.","10 healthy, female right-handed dancers, 10 age- and gender-matched controls; 3T T1w MRI | 10 healthy, female right-handed dancers, 10 age- and gender-matched controls; 3T DTI",VBM SPM5 | VBM SPM5; FSL,"Premotor cortex (left), supplementary motor area (left), putamen (left), superior frontal gyrus (left) | Corticospinal tracts (bilateral), internal capsule (bilateral), corpus callosum, anterior cingulum (left), premotor cortex (bilateral), middle frontal gyrus (left), frontal operculum (right)",Review the paper first for table or supplement statistics and add to the extraction queue if ROI-level group data are present.
"Hüfner et al., 2011","Hüfner et al., 2011",hufner|2011,"“Vestibular experts” vs. non‐experts (e.g., professional dancers, slackliners)",MRI_GM,Vestibular experts,high,likely_extractable_roi_effects,ready_for_manual_review,No duplicate or scope warning detected in the workbook triage pass.,"Workbook notes suggest explicit regions, quantitative imaging metrics, and a usable comparison design.","21 “vestibular experts” (vestibularly demanding athletic backgrounds) age-, sex-, education-, computer experience-, athletic experience (non-vestibular)- matched controls",VBM SPM5 (3T T1w MRI); vWMT; Transverse Pattern Discrimination Task,"Posterior hippocampus (bilateral), parahippocampus (bilateral); lingual gyrus (bilateral), fusiform gyrus (bilateral), thalamus (bilateral), inferior temporal gyrus (bilateral), cingulum (bilateral), cerebellum (bilateral), inferior frontal gyrus (right), gyrus rectus (right), inferior occipital gyrus (left), MT/V5 (right), temporoparietal junction (left); Hippocampus (bilateral, anterior), parieto-insular vestibular cortex (bilateral)",Review the paper first for table or supplement statistics and add to the extraction queue if ROI-level group data are present.
"Ibitoye et al., 2022","Ibitoye et al., 2022",ibitoye|2022,Idiopathic dizziness in older adults,DTI,Other vestibular clinical cohorts,high,likely_extractable_roi_effects,ready_for_manual_review,No duplicate or scope warning detected in the workbook triage pass.,"Workbook notes suggest explicit regions, quantitative imaging metrics, and a usable comparison design.","38 older adult patients with idiopathic dizziness, 36 older adult controls, 3T MRI (DTI + WMH volume); tests of balance, gait, vestibular and somatosensory function","FA, WMH burden, structural connectivity","superior longitudinal fasciculus (right), inferior longitudinal fasciculus (bilateral), anterior thalamic radiation (bilateral), posterior thalamic radiation (right), corpus callosum (bilateral, genu, body, splenium central), frontal white matter (bilateral)",Review the paper first for table or supplement statistics and add to the extraction queue if ROI-level group data are present.
"Ide et al., 2023","Ide et al., 2023",ide|2023,Healthy older adults,MRI_GM,Healthy aging,high,likely_extractable_roi_effects,ready_for_manual_review,No duplicate or scope warning detected in the workbook triage pass.,"Workbook notes suggest explicit regions, quantitative imaging metrics, and a usable comparison design.",31 older participants; 3T T1w MRI with hippocampal subfield volumetry; balance assessments,Manual volumetry of hippocampal subfields; posturography,"Hippocampus (CA1, CA3, dentate gyrus)",Review the paper first for table or supplement statistics and add to the extraction queue if ROI-level group data are present.
"Jacob et al., 2020","Jacob et al., 2020",jacob|2020,Age-related Saccular Loss,MRI_GM,Healthy aging,high,likely_extractable_roi_effects,ready_for_manual_review,No duplicate or scope warning detected in the workbook triage pass.,"Workbook notes suggest explicit regions, quantitative imaging metrics, and a usable comparison design.",80 healthy adults aged 60+ y.o.,MRIcloud (3T T1w MRI) GMV; SBM,"Hippocampus (left, CA1, CA2), amygdala (left, basolateral nucleus, basomedial nucleus), entorhinal cortex (left), entorhinal-transentorhinal cortical complex (left); Thalamus (right, ventral lateral nucleus, reticular nucleus), caudate (left, ventral, ventrolateral), putamen (left, ventral, ventrolateral); Hippocampus (bilateral), entorhinal cortex (left), transentorhinal cortex (left)",Review the paper first for table or supplement statistics and add to the extraction queue if ROI-level group data are present.
"Kirsch et al., 2016","Kirsch et al., 2016",kirsch|2016,Healthy adults,DTI; fMRI,Healthy non-clinical cohorts,high,likely_extractable_roi_effects,ready_for_manual_review,No duplicate or scope warning detected in the workbook triage pass.,"Workbook notes suggest explicit regions, quantitative imaging metrics, and a usable comparison design.","20 participants; 3T DTI, 3T fMRI; region‐of‐interest seeds in brainstem (vestibular nuclei) and cortex","DTI tractography from brainstem to ""vestibular cortex"" area PIVC","Pons (bilateral, medial vestibular nucleus, lateral vestibular nucleus, vestibular nerve, medial lemniscus, medial longitudinal fascicle [mesencephalic crossing tract]; ipsilateral, medial vestibular nucleus, parvocellular reticular nucleus, medial lemniscus, subependymal layer [ipsilateral direct and indirect tracts], pontine nuclei [pontine crossing tract], dorsal paragigantocellular nucleus [mesencephalic crossing tract]; contralateral, vestibular nerve, lateral vestibular nucleus, medial lemniscus, gigantocellular nucleus, medial superior olivary nucleus, lateral superior olivary nucleus, periolivary complex [pontine crossing tract]), Midbrain (bilateral, medial longitudinal fascicle, oculomotor nucleus [mesencephalic crossing tract], mesencephalic longitudinal formation, medial lemniscus [pontine crossing tract]; ipsilateral: substantia nigra pars compacta [ipsilateral direct tract], mesencephalic longitudinal formation, periaqueductal gray lateral part, pedunculopontine nucleus pars dissipata, superior colliculus [ipsilateral indirect tract]; contralateral: superior cerebellar peduncle, brachium of inferior colliculus [pontine crossing tract], caudal linear nucleus [mesencephalic crossing tract]), Thalamus, posterolateral (bilateral: lateral posterior nucleus, ventral posterior lateral nucleus, pulvinar nucleus [anterior, lateral, medial subdivisions] [ipsilateral indirect and pontine crossing tracts]; contralateral: ventral posterior medial nucleus, ventral posterior lateral nucleus [posterior and anterior subdivisions], pulvinar nucleus [anterior, medial subdivisions], lateral posterior nucleus, reticular thalamic nucleus, zona incerta [mesencephalic crossing tract]), Thalamus, paramedian (ipsilateral: central lateral nucleus posterior part, centromedian nucleus [ipsilateral indirect tract]), Cerebral white matter (bilateral: internal capsule [all tracts], corpus callosum splenium [interhemispheric])",Review the paper first for table or supplement statistics and add to the extraction queue if ROI-level group data are present.
"Kwon & Byun, 2023","Kwon & Byun, 2023",kwon byun|2023,Healthy adults,MRI_GM,Healthy non-clinical cohorts,high,likely_extractable_roi_effects,ready_for_manual_review,No duplicate or scope warning detected in the workbook triage pass.,"Workbook notes suggest explicit regions, quantitative imaging metrics, and a usable comparison design.","20 right‐handed participants, 3T T1w MRI; caloric test; vHIT; o/cVEMP; SOT; PTA",VBM SPM 12; GMV asymmetry in central-vestibular system,"Parieto‐insular cortex (bilateral, OP2), caudate nucleus (bilateral), thalamus (bilateral), insula (bilateral), precuneus (bilateral), Rolandic operculum (bilateral)",Review the paper first for table or supplement statistics and add to the extraction queue if ROI-level group data are present.
"Nigmatullina et al., 2015","Nigmatullina et al., 2015",nigmatullina|2015,“Vestibular Experts” (professional dancers),DTI; MRI_GM,Vestibular experts,high,likely_extractable_roi_effects,ready_for_manual_review,No duplicate or scope warning detected in the workbook triage pass.,"Workbook notes suggest explicit regions, quantitative imaging metrics, and a usable comparison design.",29 female dancers vs. 20 female age-matched controls | 29 female dancers vs. 20 female age-matched controls; 1.5T DWI (VBM FSL); Whole-body rotations; VOR,VBM FSL (1.5T T1w MRI); Whole-body rotations; VOR | FA,"Cerebellum (bilateral, lobule VIII, lobule IX). | Superior longitudinal fasciculus (bilateral, temporoparietal junction), infeirior fronto-occipital fasciculus (bilateral), anterior thalamic radiation (bilateral) .",Review the paper first for table or supplement statistics and add to the extraction queue if ROI-level group data are present.
Park et al. 2021,"Park et al., 2021",park|2021,Stroke/lesion in PIVC region,DTI,Stroke or ischemic vestibular-circuit lesions,high,likely_extractable_roi_effects,ready_for_manual_review,Workbook study label normalized for year or punctuation noise.,"Workbook notes suggest explicit regions, quantitative imaging metrics, and a usable comparison design.",36 patients with stroke with injury to the parieto‐insular vestibular cortex area; 1.5T DTI (FSL); functional ambulatory category test and motricity index score,"Tractography, FA + MD + tract volume in pathways from brainstem via thalamus to the PIVC","parieto‐insular vestibular cortex tract (bilateral), parieto‐insular vestibular cortex (bilateral), brainstem (bilateral, vestibular nuclei), thalamus (bilateral)",Review the paper first for table or supplement statistics and add to the extraction queue if ROI-level group data are present.
"Popp et al., 2018","Popp et al., 2018",popp|2018,Phobic postural vertigo,MRI_GM,Other vestibular clinical cohorts,high,likely_extractable_roi_effects,ready_for_manual_review,No duplicate or scope warning detected in the workbook triage pass.,"Workbook notes suggest explicit regions, quantitative imaging metrics, and a usable comparison design.","44 patients, 44 healthy controls.",VBM/SBM SPM12 (3T T1w MRI); task response; functional connectivity SPM12,"Thalamus (bilateral, mediodorsal nucleus), precentral gyrus; Cerebellum (bilateral), supramarginal gyrus (left), posterior middle frontal gyrus (right); Ventromedial prefrontal cortex, insular sulcus (left), lingual gyrus (left), anterior cingulate gyrus (right), cuneus (right).",Review the paper first for table or supplement statistics and add to the extraction queue if ROI-level group data are present.
"Rogge et al., 2018","Rogge et al., 2018",rogge|2018,Healthy adults (balance training),MRI_GM,Healthy non-clinical cohorts,high,likely_extractable_roi_effects,ready_for_manual_review,No duplicate or scope warning detected in the workbook triage pass.,"Workbook notes suggest explicit regions, quantitative imaging metrics, and a usable comparison design.",37 participants (aged 19-65 years; 19 participants in 12‐week balance training vs. 18 controls); 3T T1w MRI,Freesurfer 6.0 GMV; cortical thickness,"Superior temporal gyrus (left), circular insular sulcus (left), superior transverse occipital sulcus (left), superior frontal sulcus (left), posterior cingulate gyrus (right), precentral gyrus (bilateral), pericalcarine gyrus (right), putamen (bilateral).",Review the paper first for table or supplement statistics and add to the extraction queue if ROI-level group data are present.
"Trakolis et al., 2021","Trakolis et al., 2021",trakolis|2021,Chronic tinnitus after vestibular schwannoma resection,MRI_GM,Vestibular schwannoma resection,high,likely_extractable_roi_effects,ready_for_manual_review,No duplicate or scope warning detected in the workbook triage pass.,"Workbook notes suggest explicit regions, quantitative imaging metrics, and a usable comparison design.",46 post‐surgery patients (63% patients suffered from vestibulopathy preoperatively); 43 cases with 1.5T + 3 cases with 3T T1w MRI; ROI analysis; PTA and ABR for hearing function,VBM; SBM Brainsuite,"Fusiform gyrus (left), medial temporal gyrus (left), superior colliculus (right), inferior frontal gyrus (left, pars orbitalis), medial superior frontal gyrus (left) paracentral lobule (left), caudate nucleus (bilateral).",Review the paper first for table or supplement statistics and add to the extraction queue if ROI-level group data are present.
"Van Impe et al., 2012","Van Impe et al., 2012",van impe|2012,Healthy young vs healthy older adults,DTI,Healthy aging,high,likely_extractable_roi_effects,ready_for_manual_review,No duplicate or scope warning detected in the workbook triage pass.,"Workbook notes suggest explicit regions, quantitative imaging metrics, and a usable comparison design.","31 young adults (mean age 25.3 years), 36 older adults (mean age 68.6 years), all right-handed, normal/corrected vision; 3T MRI; 3T DTI (FSL TBSS); SOT (balance test)","FA, AD, RD","frontal forceps (bilateral), genu of the corpus callosum, occipital forceps (bilateral)",Review the paper first for table or supplement statistics and add to the extraction queue if ROI-level group data are present.
"Wang et al., 2019","Wang et al., 2019",wang|2019,"Vestibular migraine (VM), migraine without aura (MWoA)",MRI_GM,Vestibular migraine,high,likely_extractable_roi_effects,ready_for_manual_review,No duplicate or scope warning detected in the workbook triage pass.,"Workbook notes suggest explicit regions, quantitative imaging metrics, and a usable comparison design.","18 VM patients vs. vs. 21 MWoA vs. 21age-, gender-, and education-matched controls; 3T T1w MRI VBM SPM8",GM volume,"medial superior frontal gyrus (right), angular gyrus (right), middle frontal gyrus (left), supplementary motor area (right)",Review the paper first for table or supplement statistics and add to the extraction queue if ROI-level group data are present.
"Yeo et al., 2017","Yeo et al., 2017",yeo|2017,Stroke (MCA territory infarction confined to parieto‐insular vestibular cortex),DTI,Stroke or ischemic vestibular-circuit lesions,high,likely_extractable_roi_effects,ready_for_manual_review,No duplicate or scope warning detected in the workbook triage pass.,"Workbook notes suggest explicit regions, quantitative imaging metrics, and a usable comparison design.","19 patients with infarcts in the parieto‐insular vestibular cortex region (8 with ataxia symptoms, 11 without), 12 age-and sex-matched controls; 1.5T DTI (FSL); functional ambulatory category test and motricity index score","tractography from braintstem to PIVC, FA + MD + tract volume","parietal-insular vestibular cortex (bilateral), thalamus (bilateral), brainstem (bilateral, vestibular nulcei), corticospinal tract (bilateral)",Review the paper first for table or supplement statistics and add to the extraction queue if ROI-level group data are present.
"Yeo et al., 2018","Yeo et al., 2018",yeo|2018,Lateral medullary (Wallenberg) syndrome,DTI,Stroke or ischemic vestibular-circuit lesions,high,likely_extractable_roi_effects,ready_for_manual_review,No duplicate or scope warning detected in the workbook triage pass.,"Workbook notes suggest explicit regions, quantitative imaging metrics, and a usable comparison design.","8 patients with infarct in lateral medulla (mean age 63.4 years), 10 age- and sex-matched controls (mean age 58.3 years); 1.5T DTI (FSL) (average of 14 days after symptom onset)","FA, MD, tract volume in vestibular pathway to the PIVC","Parietal-insular vestibular cortex (bilateral), brainstem (bilateral, vestibular nulcei)",Review the paper first for table or supplement statistics and add to the extraction queue if ROI-level group data are present.
"Yeo et al., 2020","Yeo et al., 2020",yeo|2020,Healthy younger vs. older,DTI,Healthy aging,high,likely_extractable_roi_effects,ready_for_manual_review,No duplicate or scope warning detected in the workbook triage pass.,"Workbook notes suggest explicit regions, quantitative imaging metrics, and a usable comparison design.","12 young, 11 older; 3T DTI + posture/balance tests (timed up and go test, one-leg standing test)",DTI FA and tractography along vestibulospinal tract,"brainstem (bilateral, medial vestibular nucleus, lateral vestibular nucleus, reticular nucleus, vestibulo spinal tract), thalamus (bilateral, ventral posterior lateral nucleus), parieto‐insular vestibular cortex (bilateral)",Review the paper first for table or supplement statistics and add to the extraction queue if ROI-level group data are present.
"Choi et al., 2015","Choi et al., 2015",choi|2015,Unilateral inferior cerebellar peduncle (ICP) lesion,DTI,Stroke or ischemic vestibular-circuit lesions,medium,maybe_extractable_with_manual_review,ready_for_manual_review,No duplicate or scope warning detected in the workbook triage pass.,"Workbook notes suggest potential ROI-level findings, but the paper must be checked for convertible statistics.",8 patients with MRI‐confirmed unilateral inferior cerebellar peduncle lesion,"Lesion localization in DWI/DTI; horizontal head impulse tests, prism cross-cover test for ocular alignment, Romberg balance test, subjective visual vertical, and ocular torsion, bithermal caloric tests and pure tone audiometry",Inferior cerebellar peduncle,Open the paper to verify whether the reported findings include ROI-wise statistics rather than only narrative or connectivity summaries.
"Dordevic et al., 2021","Dordevic et al., 2021",dordevic|2021,"Chronic, mild vestibulopathy",MRI_GM,Chronic or mild vestibulopathy,medium,maybe_extractable_with_manual_review,ready_for_manual_review,No duplicate or scope warning detected in the workbook triage pass.,"Workbook notes suggest potential ROI-level findings, but the paper must be checked for convertible statistics.",15 patients with chronic uni- or bilateral vestibulopathy (56.8 10.1 years; 4 females) and 15 age- and gender-matched controls ; 3T T1w MRI; neurocognitive testing (spatial tasks),VBM DARTEL GMV analysis,NA,Open the paper to verify whether the reported findings include ROI-wise statistics rather than only narrative or connectivity summaries.
"Gamba & Pavia, 2016","Gamba & Pavia, 2016",gamba pavia|2016,Vascular vertigo,MRI_WM,Stroke or ischemic vestibular-circuit lesions,medium,maybe_extractable_with_manual_review,ready_for_manual_review,No duplicate or scope warning detected in the workbook triage pass.,"Workbook notes suggest potential ROI-level findings, but the paper must be checked for convertible statistics.",90 patients (aged 59-89 years) with at least 1 WM lesion; 1.5T T2-weighted MRI; patients were treated with sulodexide,WM lesion distribution; anxiety and sickness scores,"Frontal cortex, capsule (internal, external, extreme), parietal cortex, semioval center, periventricular area, radial cortex, and temporal cortex.",Open the paper to verify whether the reported findings include ROI-wise statistics rather than only narrative or connectivity summaries.
"Indovina et al., 2020","Indovina et al., 2020",indovina|2020,Healthy young adults,DTI,Healthy non-clinical cohorts,medium,maybe_extractable_with_manual_review,ready_for_manual_review,No duplicate or scope warning detected in the workbook triage pass.,"Workbook notes suggest potential ROI-level findings, but the paper must be checked for convertible statistics.","974 healthy subjects (22-36 years old; 794 right-handed) from Human Connectome Project; 3T MRI, 3T DTI",Structural connectivity,"parietal operculum (bilateral, area OP1, area OP2, area OP3, area OP4), inferior parietal lobule (bilateral, area PFop, area PFcm), intraparietal sulcus (bilateral, area hIP1, area hIP2, area hIP3), posterior insular cortex (right, left), insula (left, anterior dorsal [dIg], posterior Ig1, posterior Ig2), somatosensory cortex (bilateral, area 1/2/3tonIa), frontal cortex (bilateral, area 44, area 44v, area 44op, area 45, area 45c), cingulate cortex (bilateral, area 23v, area 23d, area 23c, area 24cd; left, area 24rv), posterior cingulate cortex (bilateral), visual cortex (left, cpSTS, area 37dl; bilateral, area 4tl), temporal lobe (bilateral, temporo-insular [area TI], area 35/36r, area 28/34; right, area 35/36c), middle temporal visual area (bilateral, MT/V5), superior parietal cortex (bilateral, area 7ip, area 7P, area 7A, area 7r; right, area 5l, area 5L, area 7PC, area 7m; left, area 7c), premotor cortex (bilateral), angular gyrus (bilateral), supramarginal gyrus (bilateral), superior temporal sulcus (bilateral), superior temporal gyrus (bilateral), middle temporal gyrus (bilateral), inferior temporal gyrus (bilateral), superior frontal sulcus (bilateral), inferior frontal gyrus (bilateral), middle frontal gyrus (bilateral), medial temporal lobe (bilateral, entorhinal cortex, subiculum; right, rostral hippocampus), hippocampal formation (bilateral), subiculum (right, left), parahippocampal cortex (right, entorhinal cortex), thalamus (bilateral; right, parietal), superior longitudinal fasciculus (bilateral)",Open the paper to verify whether the reported findings include ROI-wise statistics rather than only narrative or connectivity summaries.
"Jian et al., 2024","Jian et al., 2024",jian|2024,Late‐stage MD,MRI_GM,Meniere's disease,medium,maybe_extractable_with_manual_review,ready_for_manual_review,No duplicate or scope warning detected in the workbook triage pass.,"Workbook notes suggest potential ROI-level findings, but the paper must be checked for convertible statistics.","99 right-handed patients with unilateral MD (50 early-stage, 49 late-stage), 50 controls; matched controls; T1 3 T MRI measuring hippocampal volumes",ROI volumetry of hippocampus,Hippocampus (bilateral),Open the paper to verify whether the reported findings include ROI-wise statistics rather than only narrative or connectivity summaries.
"Kamil, Jacob, Ratnanather, Resnick, & Agrawal, 2018","Kamil, Jacob, Ratnanather, Resnick, & Agrawal, 2018",kamil|2018,"Age-related Saccular, Utricular, and Horizontal Semicircular Canal Loss",MRI_GM,Healthy aging,medium,maybe_extractable_with_manual_review,ready_for_manual_review,No duplicate or scope warning detected in the workbook triage pass.,"Workbook notes suggest potential ROI-level findings, but the paper must be checked for convertible statistics.",103 healthy adults aged 60+ y.o.,MRICloud ROI volume of hippocampus (3T T1w MRI),Hippocampus (bilateral),Open the paper to verify whether the reported findings include ROI-wise statistics rather than only narrative or connectivity summaries.
"Kim et al., 2017","Kim et al., 2017",kim|2017,Brainstem / cerebellar stroke,DTI,Stroke or ischemic vestibular-circuit lesions,medium,maybe_extractable_with_manual_review,ready_for_manual_review,No duplicate or scope warning detected in the workbook triage pass.,"Workbook notes suggest potential ROI-level findings, but the paper must be checked for convertible statistics.",Case series with MRI or DWI showing brainstem/cerebellar strokes that produce isolated vestibular syndromes,Lesion localization for isolated vertigo,"Brainstem (vestibular nuclei, dorsolateral medulla), cerebellum (inferior cerebellar peduncle, middle cerebellar peduncle, flocculus)",Open the paper to verify whether the reported findings include ROI-wise statistics rather than only narrative or connectivity summaries.
"Kirsch et al., 2018","Kirsch et al., 2018",kirsch|2018,Healthy adults,fMRI,Healthy non-clinical cohorts,medium,maybe_extractable_with_manual_review,ready_for_manual_review,No duplicate or scope warning detected in the workbook triage pass.,"Workbook notes suggest potential ROI-level findings, but the paper must be checked for convertible statistics.","30 healthy right‐handed, 30 healthy left‐handed volunteers; 3T fMRI connectivity",Connectivity patterns in bilateral vestibular network,"The parieto‐insular network, especially OP2 in the parietal operculum. White‐matter U‐fibers bridging the posterior insula with the superior temporal gyrus and supplementary motor area.",Open the paper to verify whether the reported findings include ROI-wise statistics rather than only narrative or connectivity summaries.
"Noohi et al., 2020","Noohi et al., 2020",noohi|2020,Healthy younger vs. older adults,fMRI,Healthy aging,medium,maybe_extractable_with_manual_review,ready_for_manual_review,No duplicate or scope warning detected in the workbook triage pass.,"Workbook notes suggest potential ROI-level findings, but the paper must be checked for convertible statistics.","17 young, 15 older","Structural (FA) & functional connectivity (3T DTI); resting‐state fMRI; balance performance tests (e.g., SOT)","Parieto‐insular vestibular cortex (PIVC) fiber connections, thalamic WM tracts, and temporo‐parietal association fibers.",Open the paper to verify whether the reported findings include ROI-wise statistics rather than only narrative or connectivity summaries.
"Padova et al., 20211","Padova et al., 2021",padova|2021,"Age-related Saccular, Utricular, and Horizontal Semicircular Canal Loss",MRI_GM,Healthy aging,medium,maybe_extractable_with_manual_review,ready_for_manual_review,Workbook study label normalized for year or punctuation noise.,"Workbook notes suggest potential ROI-level findings, but the paper must be checked for convertible statistics.",97 healthy adults aged 60+ y.o.,MUSE ROI Volume (3T T1w MRI),"Thalamus (bilateral), lenticular nucleus (bilateral), globus pallidus (bilateral), caudate nucleus (bilateral), putamen (bilateral); Hippocampus (left)",Open the paper to verify whether the reported findings include ROI-wise statistics rather than only narrative or connectivity summaries.
"Raiser et al., 2020","Raiser et al., 2020",raiser|2020,Healthy young adults,DTI,Healthy non-clinical cohorts,medium,maybe_extractable_with_manual_review,ready_for_manual_review,No duplicate or scope warning detected in the workbook triage pass.,"Workbook notes suggest potential ROI-level findings, but the paper must be checked for convertible statistics.","29 healthy young adults (all right-handed; mean age ); 3T DTI (SPM12, MRtrix3, FSL); 3T rs-fMRI (CONN18b, BCT)",Anatomically constrained structural (and functional) connectivity in 10 cortical vestibular regions,"postcentral gyrus (bilateral, area 2v, area 3av), premotor area, supplementary motor area (bilateral), cingulate sulcus visual (bilateral, CSv), ventral intraparietal area (bilateral), OP2 (bilateral), area 7 (bilateral), visual posterior sylvian area (bilteral), superior temporal area (bilateral, hMST)",Open the paper to verify whether the reported findings include ROI-wise statistics rather than only narrative or connectivity summaries.
"Shen et al., 2023","Shen et al., 2023",shen|2023,Vestibular migraine (VM),DTI,Vestibular migraine,medium,maybe_extractable_with_manual_review,ready_for_manual_review,No duplicate or scope warning detected in the workbook triage pass.,"Workbook notes suggest potential ROI-level findings, but the paper must be checked for convertible statistics.",MRI assessment of brain white matter lesions (WML) in VM patients (cross-sectional study),Presence of WML on MRI; migraine/vertigo history,Brain white matter lesions (various locations on MRI),Open the paper to verify whether the reported findings include ROI-wise statistics rather than only narrative or connectivity summaries.
"Smith et al., 2021","Smith et al., 2021",smith|2021,Post‐concussive vestibular dysfunction,DTI; fMRI,Post-traumatic or concussive vestibulopathy,medium,maybe_extractable_with_manual_review,ready_for_manual_review,No duplicate or scope warning detected in the workbook triage pass.,"Workbook notes suggest potential ROI-level findings, but the paper must be checked for convertible statistics.","18 patients with PCVD and vestibular symptoms, 27 controls; 3T DTI (FSL6), 3T rsfMRI; Post-Concussion Symptom Scale, Statndardized Assessment of Concussion, Balance Error Scoring System, Vestibular Ocular Motor Screening, and Sensory Organization Test, and tests of affective function",Functional and structural connectivity,N/A,Open the paper to verify whether the reported findings include ROI-wise statistics rather than only narrative or connectivity summaries.
"Wirth et al., 2018","Wirth et al., 2018",wirth|2018,Healthy adults,DTI,Healthy non-clinical cohorts,medium,maybe_extractable_with_manual_review,ready_for_manual_review,No duplicate or scope warning detected in the workbook triage pass.,"Workbook notes suggest potential ROI-level findings, but the paper must be checked for convertible statistics.",15 participants; 3T MRI/DTI + ROI‐based tractography of visual and vestibular cortices,Connectivity between insular vestibular cortex (PIVC) and posterior parietal-insular cortex (PIC),"MT/V5 (bilateral), parietal operculum (bilateral, area OP2, area OP3), insula (bilateral, anterior, posterior), inferior frontal gyrus (bilateral, pars triangularis, pars opercularis), central sulcus (bilateral, inferior), precentral gyrus (bilateral, inferior), postcentral gyrus (bilateral, inferior), supramarginal gyrus (bilateral), posterior insular cortex (bilateral), superior temporal sulcus (bilateral), superior temporal gyrus (bilateral), intraparietal sulcus (bilateral), precuneus (right), cingulate cortex (right, posterior, anterior caudal), corpus callosum (right, posterior), paracentral cortex (right), inferior frontal sulcus (bilateral), superior frontal sulcus (bilateral), middle frontal cortex (left, caudal), basal ganglia (bilateral, putamen, pallidum, caudate nucleus), thalamus (bilateral, ventral posterior lateral nucleus, ventral anterior nucleus, lateral posterior nucleus, ventral lateral nucleus, lateral pulvinar, ventral posterior medial nucleus), inferior parietal lobule (bilateral, area PFcm, area PF), Heschl's gyrus (bilateral)",Open the paper to verify whether the reported findings include ROI-wise statistics rather than only narrative or connectivity summaries.
"Yeo et al., 2024","Yeo et al., 2024",yeo|2024,Healthy young vs. healthy older adults,DTI,Healthy aging,medium,maybe_extractable_with_manual_review,ready_for_manual_review,No duplicate or scope warning detected in the workbook triage pass.,"Workbook notes suggest potential ROI-level findings, but the paper must be checked for convertible statistics.","12 healthy young adults, 11 healthy older adults; 1.5T DTI (FMRIB FSL); subjective visual vertical (SVV), the Berg balance scale (BBS)","Tractography, SVV and BBS tests","Brainstem (vestibular nuclei, pons), cerebellum (dentate nucleus, medial longitudinal fasciculus), thalamus (ventralis intermedius nucleus), parieto-insular vestibular cortex, and primary somatosensory cortex (area S1)",Open the paper to verify whether the reported findings include ROI-wise statistics rather than only narrative or connectivity summaries.
"Ruehl et al., 2022","Ruehl et al., 2022",ruehl|2022,Healthy young adults,fMRI,Healthy non-clinical cohorts,low,unlikely_extractable_for_current_table,ready_for_manual_review,No duplicate or scope warning detected in the workbook triage pass.,Workbook notes do not yet suggest a reliable ROI-wise effect-size extraction path.,"131 healthy young adults (70 female, 61 male, mean age 26.4 years); 3T T2* fMRI, 3T T1w MRI; egomotion compatible/incompatible; GVS sessions (eyes open, eyes open in darkness, eyes closed).",,,Defer unless the meta-analysis broadens beyond the current ROI and effect-size schema.
"Conrad et al., 20221","Conrad et al., 2022",conrad|2022,Infarcts of the subcortical vestibular circuitry,MRI_GM,Stroke or ischemic vestibular-circuit lesions,high,likely_extractable_roi_effects,hold_author_year_collision,Workbook study label normalized for year or punctuation noise. Another missing-study row shares this author-year signature; resolve same-year paper versus duplicate before extraction.,"Workbook notes suggest explicit regions, quantitative imaging metrics, and a usable comparison design.","42 patients with a unilateral, sub-cortical infarct with vestibular and ocular motor deficits in the acute phase (mean time to follow-up = 7. 8± 2.3 mon)",VBM/SBM; cortical thickness; CAT12/SPM12 (3T T1w MRI),"Cerebellum (bilateral, dentate nucleus, crus I, crus II, lobule VI, lobule VIIB, lobule VIIIa, lobule IX, lobule X), cerebellum (ocular motor vermis, lobules V–VII, VI, VII, VIIIab), cerebellum (motor, lobules V, VII), cerebellum (fastigial nucleus), visual cortex (bilateral, area MT+, dorsal visual stream, ventral visual stream, primary, higher order), parietal cortex (bilateral, inferior parietal lobule, lateral intraparietal area, ventral intraparietal area, areas 7AL, 7PC), thalamus (medial nucleus, mediodorsal nucleus, pulvinar nucleus), frontal eye fields, area 6d, postcentral gyrus (right, areas 1, 2, 3b), precentral gyrus (right, areas 1, 3b), putamen, parieto-insular vestibular cortex (parieto-opercular, retro-insular vestibular cortex), splenium of the corpus callosum","Resolve the author-year collision first, then decide which record belongs in the manual review queue."
"Fettrow et al., 2023","Fettrow et al., 2023",fettrow|2023,Healthy younger & older adults; Healthy younger vs. older adults,DTI; MRI_GM,Healthy aging,high,likely_extractable_roi_effects,hold_scope_split,"Workbook entry mixes multiple conditions, frames, or cohort types and should be split or scoped before review.","Workbook notes suggest explicit regions, quantitative imaging metrics, and a usable comparison design.","50 participants (31 young, 19 older), 3T T1w MRI + gait adaptation tasks | 31 young, 19 older adults, 3T DTI (FMRIB FSL6), treadmill gait adaptation tasks",VBM SPM12 GMV; cortical thickness; gyrification | Free-water corrected FA in WM tracts,"Superior frontal gyrus (left, pars opercularis), cerebellum (left, lobule V), cerebellum (right, lobule VIIB, lobule VIII), precentral gyrus (right), postcentral gyrus (bilateral), insula (left), superior temporal gyrus (left), transverse temporal gyrus (left), supramarginal gyrus (right) | Corticospinal tract (right), inferior longitudinal fasciculus (right)",Split the workbook entry into a single-cohort or single-frame record before manual paper review.
"Hummel et al., 2014","Hummel et al., 2014",hummel|2014,"Bilateral vestibulopathy (BVP), ""Vestibular Experts""",DTI,Needs manual scope decision,high,likely_extractable_roi_effects,hold_scope_split,"Workbook entry mixes multiple conditions, frames, or cohort types and should be split or scoped before review.","Workbook notes suggest explicit regions, quantitative imaging metrics, and a usable comparison design.","13 BVP patients pre‐/post therapy, their 13 controls, 18 balance-trained individuals and their 17 controls; 3T DTI; measured FA changes after balance rehab",VBM FSL FMRIB diffusion toolbox (3T DWI); Whole-body rotations; VOR,"Corpus callosum (bilateral, body, splenium), cingulum, anterior thalamic radiation (right), external capsule (left), internal capsule, forceps minor (bilateral), forceps major (bilateral), fornix (bilateral), inferior fronto-ocipital fasciculus (bilateral), uncinate fasciculus (left), superior longitudinal fascisulus (left), corticospinal tract (left)",Split the workbook entry into a single-cohort or single-frame record before manual paper review.
"Hupfeld et al., 2022","Hupfeld et al., 2022",hupfeld|2022,Healthy younger & older adults; Healthy younger vs. older adults; Long‐duration spaceflight (astronauts),DTI; MRI_GM; fMRI,Healthy aging,high,likely_extractable_roi_effects,hold_scope_split,"Workbook entry mixes multiple conditions, frames, or cohort types and should be split or scoped before review.","Workbook notes suggest explicit regions, quantitative imaging metrics, and a usable comparison design.","62 adults (37 young, 25 older), 3T T1w MRI, balance (posturography) | 60 adults (37 young, 23 older), 3T T1w MRI + dual‐task gait testing | 35 young, 20 older adults, 3T DTI (FMRIB FSL6), balance (posturography)",VBM/SBM SPM12 GMV; gyrification; cortical thickness | Free-water corrected FA/AD/RD in sensory‐related WM (3T DTI); standing balance tasks (force plate) | Free-water corrected FW/FA/AD/RD in WM tracts for motor & sensory function (3T DTI); dual‐task gait testing (DTcost),"Supramarginal gyrus (left), postcentral gyrus (left), superior temporal sulcus bank (left), superior frontal gyrus (left), lingual gyrus (left), lateral orbitofrontal cortex (right) | Precentral gyrus (left), superior parietal lobule (left), superior temporal gyrus (right) | Corpus callosum (bilateral, genu, body, splenium), forceps minor (left), cingulum (left), superior longitudinal fasciculus (right), superior corona radiata (right), corticospinal tract (right), posterior corona radiata (right), anterior thalamic radiation (right), inferior fronto-occipital fasciculus (right)",Split the workbook entry into a single-cohort or single-frame record before manual paper review.
"McGregor et al., 2023","McGregor et al., 2023",mcgregor|2023,Long‐duration spaceflight (astronauts); Varied duration spaceflight (astronauts),DTI; MRI_GM,Spaceflight-related vestibular adaptation,high,likely_extractable_roi_effects,hold_scope_split,"Workbook entry mixes multiple conditions, frames, or cohort types and should be split or scoped before review.","Workbook notes suggest explicit regions, quantitative imaging metrics, and a usable comparison design.",30 total; pre‐/post‐flight 3T T1w MRI | 30 astronauts (varied‐duration ISS missions); 3T DTI (FSL6) pre‐ and post‐flight,"VBM SPM12 | Free-water fractional volume, free-water corrected FA, MD, AD, RD","Third ventricle (bilateral), lateral ventricle (right) | interhemispheric fissure, lateral fissure, lateral ventricle (right)",Split the workbook entry into a single-cohort or single-frame record before manual paper review.
Hadi et al. 2022,"Hadi et al., 2022",hadi|2022,Healthy + lesion or normal variants,fMRI,Needs manual scope decision,low,unlikely_extractable_for_current_table,hold_scope_split,"Workbook study label normalized for year or punctuation noise. Workbook entry mixes multiple conditions, frames, or cohort types and should be split or scoped before review.",Condition label mixes scientific axes and should be resolved before extraction.,"26 patients with head injury, some with vestibular agnosia. 3T T1w MRI, 3T T2* fMRI (CONN, VBM SPM12). Vestibular perception and posturography.",GM/WM functional connectivity in “vestibular network”,"Parieto‐insular WM pathways, inferior and middle cerebellar peduncles, ventral posterolateral (VPL) nucleus of thalamus, and cingulo‐opercular tracts.",Split the workbook entry into a single-cohort or single-frame record before manual paper review.
"Ibitoye et al., 2023","Ibitoye et al., 2023",ibitoye|2023,Review or combined study on “OP2” region,fMRI,Needs manual scope decision,low,unlikely_extractable_for_current_table,hold_scope_split,"Workbook entry mixes multiple conditions, frames, or cohort types and should be split or scoped before review.",Review or composite framing rather than a single extractable empirical cohort.,"17 right-handed patients with chronic (> 6 months since symptom onset) right-sided vestibular neuritis, 17 right-handed healthy age-matched controls; 3T fMRI",Functoinal connectivity,"OP2 → “retroinsular cortex” WM, short association U‐fibers bridging parietal operculum and posterior insula, and multi‐modal parieto‐temporal pathways.",Split the workbook entry into a single-cohort or single-frame record before manual paper review.
"Oussoren et al., 2022","Oussoren et al., 2022",oussoren|2022,Vestibular neuritis + cerebral small vessel disease,DTI; MRI_WM,Needs split across vestibular and vascular axes,low,unlikely_extractable_for_current_table,hold_scope_split,"Workbook entry mixes multiple conditions, frames, or cohort types and should be split or scoped before review.",Condition label mixes scientific axes and should be resolved before extraction.,"101 older patients with acute vestibular neuritis, control group: 203 patients with 149 suspected cases of trigeminal neuralgia and 54 suspected cases of vestibular paroxysmia; 1.5T MRI",WMH burden,Periventricular and deep subcortical WM lesions in the frontal and parietal regions,Split the workbook entry into a single-cohort or single-frame record before manual paper review.
"Conrad et al., 2022","Conrad et al., 2022",conrad|2022,Unilateral subcortical or infratentorial ischemic stroke; Unilateral thalamic or brainstem infarction,DTI; MRI_WM; fMRI,Stroke or ischemic vestibular-circuit lesions,high,likely_extractable_roi_effects,hold_author_year_collision_and_scope_split,"Another missing-study row shares this author-year signature; resolve same-year paper versus duplicate before extraction. Workbook entry mixes multiple conditions, frames, or cohort types and should be split or scoped before review.","Workbook notes suggest explicit regions, quantitative imaging metrics, and a usable comparison design.","13 patients with unilateral thalamic stroke, scanned longitudinally; 3T MRI, 3T rsfMRI; VBM (SPM12), SBM (SPM12); tests of eye position and nystagmus, saccades, optokinetic nystagmus, smooth pursuit, vestibulo-ocular reflex (VOR), and SVV | 42 patients with unilateral subcortical or infratentorail ischemic stroke, studied longitudinally ; 3T MRI, 3T rsfMRI; VBM (SPM12), SBM (SPM12); tests of eye position and nystagmus, saccades, optokinetic nystagmus, smooth pursuit, vestibulo-ocular reflex (VOR), and SVV","GM/WM volume + cortical surface morphometry, cortical thickness","dentate nuclear region, the vestibular nuclear region (VN), the middle longitudinal fascicle (MLF), and the corticospinal tract (CST); brainstem (bilateral, III, INC, riMLF, MLF), cerebellum (bilateral, lobule X, flocculus), trigeminal toor entry zone (bilateral, V root entry zone), medial lemniscus (bilateral) (ML), superior colliculus (bilateral), parieto-opercular / (retro-) insular cortex (PIVC), premotor cortex, somatosensory cortex (bilateral), cingulate cortex (bilateral), corpus callosum (splenium, CC5, CC6, CC7) | primary somatosensory cortex (right, area 1, area 2), parieto-opercular (retro-) insular vestibular cortex (right), cerebellum (bilateral, lobule X), MT+ (bilateral)",Resolve both the author-year collision and the mixed-scope workbook entry before manual paper review.
