Study_ID,Author,Year,Title,Journal,DOI_or_PMID,Etiology,Subtype,Congenital_or_Acquired,Side_deaf_or_lesion,Chronicity_months,Sample_Size_Patients,Sample_Size_Controls,Mean_Age_Patients,Sex_Ratio_Patients,Modality,Acquisition_Type,Scanner_FieldStrength_T,Analysis_Toolbox,Hedges_g_exact,Hedges_g_variance,CI_lower,CI_upper,P_value,Statistic_type,Statistic_value,Direction,ROI_Homogenized,Big_Area,Matter,Side,MNI_X,MNI_Y,MNI_Z,Measure,Network_Assignment,Study_Quality_Score,Extractor,Notes,Source_PDF_or_ZIP
Alhilali_2014_Cerebellum_LobuleVI,Alhilali,2014,Detection of Central White Matter Injury Underlying Vestibulopathy after Mild Traumatic Brain Injury,Radiology,10.1148/radiol.14132670,Mild traumatic brain injury with vestibular symptoms,NA,Acquired,NA,NA,30,39,17.6,24M/6F,DTI,Diffusion,1.5,FSL TBSS,NA,NA,NA,NA,p < 0.05,NA,NA,↓ Patients < Controls,Cerebellum Lobule VI,Cerebellum,White,Bilateral,NA,NA,NA,FA,Vestibular,NA,NA,Voxel-wise FA reduction in cerebellar lobule VI; whole-brain TBSS; multiple-comparisons corrected.,"Alhilali et al., 2014.pdf"
Alhilali_2014_Vermis_VIII_IX,Alhilali,2014,Detection of Central White Matter Injury Underlying Vestibulopathy after Mild Traumatic Brain Injury,Radiology,10.1148/radiol.14132670,Mild traumatic brain injury with vestibular symptoms,NA,Acquired,NA,NA,30,39,17.6,24M/6F,DTI,Diffusion,1.5,FSL TBSS,NA,NA,NA,NA,p < 0.05,NA,NA,↓ Patients < Controls,Vermian Lobules VIIIa/VIIIb/IX,Cerebellum,White,Midline,NA,NA,NA,FA,Vestibular,NA,NA,TBSS cluster in vermis; FA reduction; multiple-comparisons corrected.,"Alhilali et al., 2014.pdf"
Alhilali_2014_Fusiform_Gyri,Alhilali,2014,Detection of Central White Matter Injury Underlying Vestibulopathy after Mild Traumatic Brain Injury,Radiology,10.1148/radiol.14132670,Mild traumatic brain injury with vestibular symptoms,NA,Acquired,NA,NA,30,39,17.6,24M/6F,DTI,Diffusion,1.5,FSL TBSS,NA,NA,NA,NA,p < 0.05,NA,NA,↓ Patients < Controls,Fusiform Gyrus,Temporal,White,Bilateral,NA,NA,NA,FA,Visual,NA,NA,White matter FA reduction in fusiform gyri; TBSS cluster; corrected.,"Alhilali et al., 2014.pdf"
Alhilali_2014_Vermis_MD_Increase,Alhilali,2014,Detection of Central White Matter Injury Underlying Vestibulopathy after Mild Traumatic Brain Injury,Radiology,10.1148/radiol.14132670,Mild traumatic brain injury with vestibular symptoms,NA,Acquired,NA,NA,30,39,17.6,24M/6F,DTI,Diffusion,1.5,FSL TBSS,NA,NA,NA,NA,p < 0.05,NA,NA,↑ Patients > Controls,Vermian Lobules II/III,Cerebellum,White,Midline,NA,NA,NA,Mean Diffusivity,Vestibular,NA,NA,Voxel-wise MD increase in vermian lobules II/III; TBSS cluster.,"Alhilali et al., 2014.pdf"
Behnke_2024_SLFL_VIn,Behnke,2024,Assessment of white matter microstructure integrity in subacute postconcussive vestibular dysfunction using NODDI,Imaging Neuroscience,10.1162/imag_a_00147,Post-concussive vestibular dysfunction,NA,Acquired,NA,NA,23,37,NA,NA,MRI,Diffusion,3,FSL TBSS,NA,NA,NA,NA,PFWE < 0.05,NA,NA,↑ Patients > Controls,Superior longitudinal fasciculus,Parietal,White,L,NA,NA,NA,Intra-neurite volume fraction (VIn),Vestibular,NA,NA,TBSS cluster showing higher VIn in PCVD than controls,"Behnke et al., 2024.pdf"
Behnke_2024_SLFL_VIso,Behnke,2024,Assessment of white matter microstructure integrity in subacute postconcussive vestibular dysfunction using NODDI,Imaging Neuroscience,10.1162/imag_a_00147,Post-concussive vestibular dysfunction,NA,Acquired,NA,NA,23,37,NA,NA,MRI,Diffusion,3,FSL TBSS,NA,NA,NA,NA,PFWE < 0.05,NA,NA,↑ Patients > Controls,Superior longitudinal fasciculus,Parietal,White,L,NA,NA,NA,Isotropic volume fraction (VIso),Vestibular,NA,NA,TBSS cluster showing higher VIso in PCVD than controls,"Behnke et al., 2024.pdf"
Behnke_2024_SCRL_VIn,Behnke,2024,Assessment of white matter microstructure integrity in subacute postconcussive vestibular dysfunction using NODDI,Imaging Neuroscience,10.1162/imag_a_00147,Post-concussive vestibular dysfunction,NA,Acquired,NA,NA,23,37,NA,NA,MRI,Diffusion,3,FSL TBSS,NA,NA,NA,NA,PFWE < 0.05,NA,NA,↑ Patients > Controls,Superior corona radiata,Parietal,White,L,NA,NA,NA,Intra-neurite volume fraction (VIn),Vestibular,NA,NA,TBSS cluster showing higher VIn in PCVD than controls,"Behnke et al., 2024.pdf"
Behnke_2024_SCRL_VIso,Behnke,2024,Assessment of white matter microstructure integrity in subacute postconcussive vestibular dysfunction using NODDI,Imaging Neuroscience,10.1162/imag_a_00147,Post-concussive vestibular dysfunction,NA,Acquired,NA,NA,23,37,NA,NA,MRI,Diffusion,3,FSL TBSS,NA,NA,NA,NA,PFWE < 0.05,NA,NA,↑ Patients > Controls,Superior corona radiata,Parietal,White,L,NA,NA,NA,Isotropic volume fraction (VIso),Vestibular,NA,NA,TBSS cluster showing higher VIso in PCVD than controls,"Behnke et al., 2024.pdf"
Behnke_2024_PCRL_VIn,Behnke,2024,Assessment of white matter microstructure integrity in subacute postconcussive vestibular dysfunction using NODDI,Imaging Neuroscience,10.1162/imag_a_00147,Post-concussive vestibular dysfunction,NA,Acquired,NA,NA,23,37,NA,NA,MRI,Diffusion,3,FSL TBSS,NA,NA,NA,NA,PFWE < 0.05,NA,NA,↑ Patients > Controls,Posterior corona radiata,Parietal,White,L,NA,NA,NA,Intra-neurite volume fraction (VIn),Vestibular,NA,NA,TBSS cluster showing higher VIn in PCVD than controls,"Behnke et al., 2024.pdf"
Behnke_2024_PCRL_VIso,Behnke,2024,Assessment of white matter microstructure integrity in subacute postconcussive vestibular dysfunction using NODDI,Imaging Neuroscience,10.1162/imag_a_00147,Post-concussive vestibular dysfunction,NA,Acquired,NA,NA,23,37,NA,NA,MRI,Diffusion,3,FSL TBSS,NA,NA,NA,NA,PFWE < 0.05,NA,NA,↑ Patients > Controls,Posterior corona radiata,Parietal,White,L,NA,NA,NA,Isotropic volume fraction (VIso),Vestibular,NA,NA,TBSS cluster showing higher VIso in PCVD than controls,"Behnke et al., 2024.pdf"
Behnke_2024_CCL_VIn,Behnke,2024,Assessment of white matter microstructure integrity in subacute postconcussive vestibular dysfunction using NODDI,Imaging Neuroscience,10.1162/imag_a_00147,Post-concussive vestibular dysfunction,NA,Acquired,NA,NA,23,37,NA,NA,MRI,Diffusion,3,FSL TBSS,NA,NA,NA,NA,PFWE < 0.05,NA,NA,↑ Patients > Controls,Corpus callosum,Subcortical,White,L,NA,NA,NA,Intra-neurite volume fraction (VIn),NA,NA,NA,TBSS cluster showing higher VIn in PCVD than controls,"Behnke et al., 2024.pdf"
Behnke_2024_CCL_VIso,Behnke,2024,Assessment of white matter microstructure integrity in subacute postconcussive vestibular dysfunction using NODDI,Imaging Neuroscience,10.1162/imag_a_00147,Post-concussive vestibular dysfunction,NA,Acquired,NA,NA,23,37,NA,NA,MRI,Diffusion,3,FSL TBSS,NA,NA,NA,NA,PFWE < 0.05,NA,NA,↑ Patients > Controls,Corpus callosum,Subcortical,White,L,NA,NA,NA,Isotropic volume fraction (VIso),NA,NA,NA,TBSS cluster showing higher VIso in PCVD than controls,"Behnke et al., 2024.pdf"
Behnke_2024_ICL_VIn,Behnke,2024,Assessment of white matter microstructure integrity in subacute postconcussive vestibular dysfunction using NODDI,Imaging Neuroscience,10.1162/imag_a_00147,Post-concussive vestibular dysfunction,NA,Acquired,NA,NA,23,37,NA,NA,MRI,Diffusion,3,FSL TBSS,NA,NA,NA,NA,PFWE < 0.05,NA,NA,↑ Patients > Controls,Internal capsule,Subcortical,White,L,NA,NA,NA,Intra-neurite volume fraction (VIn),NA,NA,NA,TBSS cluster showing higher VIn in PCVD than controls,"Behnke et al., 2024.pdf"
Behnke_2024_ICL_VIso,Behnke,2024,Assessment of white matter microstructure integrity in subacute postconcussive vestibular dysfunction using NODDI,Imaging Neuroscience,10.1162/imag_a_00147,Post-concussive vestibular dysfunction,NA,Acquired,NA,NA,23,37,NA,NA,MRI,Diffusion,3,FSL TBSS,NA,NA,NA,NA,PFWE < 0.05,NA,NA,↑ Patients > Controls,Internal capsule,Subcortical,White,L,NA,NA,NA,Isotropic volume fraction (VIso),NA,NA,NA,TBSS cluster showing higher VIso in PCVD than controls,"Behnke et al., 2024.pdf"
Behnke_2024_ECL_VIn,Behnke,2024,Assessment of white matter microstructure integrity in subacute postconcussive vestibular dysfunction using NODDI,Imaging Neuroscience,10.1162/imag_a_00147,Post-concussive vestibular dysfunction,NA,Acquired,NA,NA,23,37,NA,NA,MRI,Diffusion,3,FSL TBSS,NA,NA,NA,NA,PFWE < 0.05,NA,NA,↑ Patients > Controls,External capsule,Subcortical,White,L,NA,NA,NA,Intra-neurite volume fraction (VIn),NA,NA,NA,TBSS cluster showing higher VIn in PCVD than controls,"Behnke et al., 2024.pdf"
Behnke_2024_ECL_VIso,Behnke,2024,Assessment of white matter microstructure integrity in subacute postconcussive vestibular dysfunction using NODDI,Imaging Neuroscience,10.1162/imag_a_00147,Post-concussive vestibular dysfunction,NA,Acquired,NA,NA,23,37,NA,NA,MRI,Diffusion,3,FSL TBSS,NA,NA,NA,NA,PFWE < 0.05,NA,NA,↑ Patients > Controls,External capsule,Subcortical,White,L,NA,NA,NA,Isotropic volume fraction (VIso),NA,NA,NA,TBSS cluster showing higher VIso in PCVD than controls,"Behnke et al., 2024.pdf"
Brandt_2005_HPC_L,Brandt,2005,Vestibular loss causes hippocampal atrophy and impaired spatial memory in humans,Brain,10.1093/brain/awh617,Chronic bilateral vestibular loss due to neurofibromatosis 2 after bilateral vestibular neurectomy,NA,Acquired,Bilateral,NA,10,10,38,4F/6M,MRI,Structural,1.5,FSL/SIENAX and MedX,-1.3786227455215412,NA,NA,NA,p < 0.01,F,10.36,↓ Patients < Controls,Hippocampus,Temporal,Gray,L,NA,NA,NA,Hippocampal GM volume,NA,NA,NA,"Left hippocampal volume reduced in bilateral vestibular loss patients vs controls; main effect of BVL status from hemisphere-specific ANOVA F(1,17)=10.36, p<0.01. BVL duration 5–10 years post bilateral vestibular neurectomy.","Brandt et al., 2005.pdf"
Brandt_2005_HPC_R,Brandt,2005,Vestibular loss causes hippocampal atrophy and impaired spatial memory in humans,Brain,10.1093/brain/awh617,Chronic bilateral vestibular loss due to neurofibromatosis 2 after bilateral vestibular neurectomy,NA,Acquired,Bilateral,NA,10,10,38,4F/6M,MRI,Structural,1.5,FSL/SIENAX and MedX,-1.5893975233417597,NA,NA,NA,p < 0.01,F,13.77,↓ Patients < Controls,Hippocampus,Temporal,Gray,R,NA,NA,NA,Hippocampal GM volume,NA,NA,NA,"Right hippocampal volume reduced in bilateral vestibular loss patients vs controls; main effect of BVL status from hemisphere-specific ANOVA F(1,17)=13.77, p<0.01.","Brandt et al., 2005.pdf"
Brandt_2005_HPC_Total,Brandt,2005,Vestibular loss causes hippocampal atrophy and impaired spatial memory in humans,Brain,10.1093/brain/awh617,Chronic bilateral vestibular loss due to neurofibromatosis 2 after bilateral vestibular neurectomy,NA,Acquired,Bilateral,NA,10,10,38,4F/6M,MRI,Structural,1.5,FSL/SIENAX and MedX,-1.5490642592705235,NA,NA,NA,p < 0.01,F,13.08,↓ Patients < Controls,Hippocampus,Temporal,Gray,Bilateral,NA,NA,NA,Hippocampal GM volume,NA,NA,NA,"Total bilateral hippocampal volume reduced by approximately 16.9% in BVL patients vs controls; ANOVA main effect of BVL status F(1,17)=13.08, p<0.01.","Brandt et al., 2005.pdf"
Cheng_2023_ALFF_Lingual_L,Cheng,2023,Assessment of functional and structural brain abnormalities with resting-state functional MRI in patients with vestibular neuronitis,Acta Radiologica,10.1177/02841851231203569,Vestibular neuritis,NA,Acquired,NA,NA,24,22,45,16F/8M,MRI,Functional,3,DPABI; SPM12,1.4093498154594637,NA,NA,NA,<0.001,t,4.8581,↑ Patients > Controls,Lingual gyrus,Occipital,Gray,L,-12,-90,-18,ALFF,Visual,NA,NA,Whole-brain ALFF cluster showing increased activity,Cheng et al. (2023).pdf
Cheng_2023_ReHo_Lingual_L,Cheng,2023,Assessment of functional and structural brain abnormalities with resting-state functional MRI in patients with vestibular neuronitis,Acta Radiologica,10.1177/02841851231203569,Vestibular neuritis,NA,Acquired,NA,NA,24,22,45,16F/8M,MRI,Functional,3,DPABI; SPM12,1.451965959196932,NA,NA,NA,<0.001,t,5.005,↑ Patients > Controls,Lingual gyrus,Occipital,Gray,L,-12,-51,-6,ReHo,Visual,NA,NA,Whole-brain ReHo cluster showing increased synchrony,Cheng et al. (2023).pdf
Cheng_2023_ReHo_Lingual_R,Cheng,2023,Assessment of functional and structural brain abnormalities with resting-state functional MRI in patients with vestibular neuronitis,Acta Radiologica,10.1177/02841851231203569,Vestibular neuritis,NA,Acquired,NA,NA,24,22,45,16F/8M,MRI,Functional,3,DPABI; SPM12,1.451965959196932,NA,NA,NA,<0.001,t,5.005,↑ Patients > Controls,Lingual gyrus,Occipital,Gray,R,15,-57,-9,ReHo,Visual,NA,NA,Whole-brain ReHo cluster showing increased synchrony,Cheng et al. (2023).pdf
Cheng_2023_ReHo_Postcentral_R,Cheng,2023,Assessment of functional and structural brain abnormalities with resting-state functional MRI in patients with vestibular neuronitis,Acta Radiologica,10.1177/02841851231203569,Vestibular neuritis,NA,Acquired,NA,NA,24,22,45,16F/8M,MRI,Functional,3,DPABI; SPM12,1.2796447244790543,NA,NA,NA,0.002,t,4.411,↑ Patients > Controls,Postcentral gyrus,Parietal,Gray,R,-12,-51,-6,ReHo,Sensorimotor,NA,NA,ReHo cluster in postcentral region,Cheng et al. (2023).pdf
Cheng_2023_DC_Lingual_L,Cheng,2023,Assessment of functional and structural brain abnormalities with resting-state functional MRI in patients with vestibular neuronitis,Acta Radiologica,10.1177/02841851231203569,Vestibular neuritis,NA,Acquired,NA,NA,24,22,45,16F/8M,MRI,Functional,3,DPABI; SPM12,1.2684177349444048,NA,NA,NA,0.013,t,4.3723,↑ Patients > Controls,Lingual gyrus,Occipital,Gray,L,-3,-78,-9,Degree centrality,Visual,NA,NA,Voxel-wise DC increase,Cheng et al. (2023).pdf
Cheng_2023_FC_LingualL_SuperiorFrontalL,Cheng,2023,Assessment of functional and structural brain abnormalities with resting-state functional MRI in patients with vestibular neuronitis,Acta Radiologica,10.1177/02841851231203569,Vestibular neuritis,NA,Acquired,NA,NA,24,22,45,16F/8M,MRI,Functional,3,DPABI; SPM12,1.8103012944217172,NA,NA,NA,0.012,t,6.2402,↑ Patients > Controls,Superior frontal gyrus,Frontal,Gray,L,-18,24,66,Functional connectivity,Executive,NA,NA,Increased FC with left lingual seed,Cheng et al. (2023).pdf
Cheng_2023_FC_LingualL_Insula_R,Cheng,2023,Assessment of functional and structural brain abnormalities with resting-state functional MRI in patients with vestibular neuronitis,Acta Radiologica,10.1177/02841851231203569,Vestibular neuritis,NA,Acquired,NA,NA,24,22,45,16F/8M,MRI,Functional,3,DPABI; SPM12,-1.41906826893261,NA,NA,NA,0.004,t,-4.8916,↓ Patients < Controls,Insula,Subcortical,Gray,R,39,15,6,Functional connectivity,Vestibular,NA,NA,Decreased FC with left lingual seed,Cheng et al. (2023).pdf
Cheng_2023_FC_LingualL_Supramarginal_R,Cheng,2023,Assessment of functional and structural brain abnormalities with resting-state functional MRI in patients with vestibular neuronitis,Acta Radiologica,10.1177/02841851231203569,Vestibular neuritis,NA,Acquired,NA,NA,24,22,45,16F/8M,MRI,Functional,3,DPABI; SPM12,-1.7875282019547925,NA,NA,NA,<0.001,t,-6.1617,↓ Patients < Controls,Supramarginal gyrus,Parietal,Gray,R,66,-45,27,Functional connectivity,Vestibular,NA,NA,Decreased FC with left lingual seed,Cheng et al. (2023).pdf
Cheng_2023_FC_LingualL_Supramarginal_L,Cheng,2023,Assessment of functional and structural brain abnormalities with resting-state functional MRI in patients with vestibular neuronitis,Acta Radiologica,10.1177/02841851231203569,Vestibular neuritis,NA,Acquired,NA,NA,24,22,45,16F/8M,MRI,Functional,3,DPABI; SPM12,-1.2386241477297142,NA,NA,NA,0.014,t,-4.2696,↓ Patients < Controls,Supramarginal gyrus,Parietal,Gray,L,-63,-39,39,Functional connectivity,Vestibular,NA,NA,Decreased FC with left lingual seed,Cheng et al. (2023).pdf
Cheng_2023_GMV_Caudate_R,Cheng,2023,Assessment of functional and structural brain abnormalities with resting-state functional MRI in patients with vestibular neuritis,Acta Radiologica,10.1177/02841851231203569,Vestibular neuritis,NA,Acquired,NA,NA,24,22,45,16F/8M,MRI,Structural,3,VBM8; SPM8,-1.4970189688799058,NA,NA,NA,0.022,t,-5.1603,↓ Patients < Controls,Caudate nucleus,Subcortical,Gray,R,16.5,21,4.5,GMV,NA,NA,NA,VBM cluster showing reduced GMV,Cheng et al. (2023).pdf
Cheng_2023_GMV_Caudate_L,Cheng,2023,Assessment of functional and structural brain abnormalities with resting-state functional MRI in patients with vestibular neuritis,Acta Radiologica,10.1177/02841851231203569,Vestibular neuritis,NA,Acquired,NA,NA,24,22,45,16F/8M,MRI,Structural,3,VBM8; SPM8,-1.5758689884023287,NA,NA,NA,0.014,t,-5.4321,↓ Patients < Controls,Caudate nucleus,Subcortical,Gray,L,-15,19.5,3,GMV,NA,NA,NA,VBM cluster showing reduced GMV,Cheng et al. (2023).pdf
Cutfield_2014_VisPro_HighLow_RIntracalcarine,Cutfield,2014,Visual and proprioceptive interaction in patients with bilateral vestibular loss,NeuroImage: Clinical,10.1016/j.nicl.2013.12.013,Bilateral vestibular loss,Aminoglycoside ototoxicity or idiopathic bilateral vestibular failure,Acquired,Bilateral,NA,12,14,51,6F/6M,fMRI,Functional,3,FSL (FEAT/FSL-VBM),-1.318172824520385,NA,NA,NA,p < 0.05 (cluster-corrected),z,3.46,↓ Patients < Controls,Intracalcarine cortex,Occipital,Gray,R,20,-76,12,Task-evoked BOLD,Visual,NA,NA,Group difference in main effect of high vs low neck proprioceptive input ((MH+SH) > (ML+SL)); controls show greater occipital activation than bilateral vestibular loss patients.,"Cutfield et al., 2014.pdf"
Cutfield_2014_VisPro_HighLow_ROccipitalPole1,Cutfield,2014,Visual and proprioceptive interaction in patients with bilateral vestibular loss,NeuroImage: Clinical,10.1016/j.nicl.2013.12.013,Bilateral vestibular loss,Aminoglycoside ototoxicity or idiopathic bilateral vestibular failure,Acquired,Bilateral,NA,12,14,51,6F/6M,fMRI,Functional,3,FSL (FEAT/FSL-VBM),-1.26483635185193,NA,NA,NA,p < 0.05 (cluster-corrected),z,3.32,↓ Patients < Controls,Occipital pole,Occipital,Gray,R,22,-100,8,Task-evoked BOLD,Visual,NA,NA,Group difference in main effect of high vs low neck proprioceptive input ((MH+SH) > (ML+SL)); controls show greater occipital activation than bilateral vestibular loss patients.,"Cutfield et al., 2014.pdf"
Cutfield_2014_VisPro_HighLow_ROccipitalPole2,Cutfield,2014,Visual and proprioceptive interaction in patients with bilateral vestibular loss,NeuroImage: Clinical,10.1016/j.nicl.2013.12.013,Bilateral vestibular loss,Aminoglycoside ototoxicity or idiopathic bilateral vestibular failure,Acquired,Bilateral,NA,12,14,51,6F/6M,fMRI,Functional,3,FSL (FEAT/FSL-VBM),-1.2457876116131963,NA,NA,NA,p < 0.05 (cluster-corrected),z,3.27,↓ Patients < Controls,Occipital pole,Occipital,Gray,R,32,-98,6,Task-evoked BOLD,Visual,NA,NA,Group difference in main effect of high vs low neck proprioceptive input ((MH+SH) > (ML+SL)); controls show greater occipital activation than bilateral vestibular loss patients.,"Cutfield et al., 2014.pdf"
Cutfield_2014_VisPro_HighLow_MidOccipitalPole,Cutfield,2014,Visual and proprioceptive interaction in patients with bilateral vestibular loss,NeuroImage: Clinical,10.1016/j.nicl.2013.12.013,Bilateral vestibular loss,Aminoglycoside ototoxicity or idiopathic bilateral vestibular failure,Acquired,Bilateral,NA,12,14,51,6F/6M,fMRI,Functional,3,FSL (FEAT/FSL-VBM),-1.1886413908969946,NA,NA,NA,p < 0.05 (cluster-corrected),z,3.12,↓ Patients < Controls,Occipital pole,Occipital,Gray,Bilateral,0,-90,-2,Task-evoked BOLD,Visual,NA,NA,Group difference in main effect of high vs low neck proprioceptive input ((MH+SH) > (ML+SL)); controls show greater midline occipital activation than bilateral vestibular loss patients.,"Cutfield et al., 2014.pdf"
Cutfield_2014_VisPro_HighLow_CerebVermisIX,Cutfield,2014,Visual and proprioceptive interaction in patients with bilateral vestibular loss,NeuroImage: Clinical,10.1016/j.nicl.2013.12.013,Bilateral vestibular loss,Aminoglycoside ototoxicity or idiopathic bilateral vestibular failure,Acquired,Bilateral,NA,12,14,51,6F/6M,fMRI,Functional,3,FSL (FEAT/FSL-VBM),-1.249597359660943,NA,NA,NA,p < 0.05 (cluster-corrected),z,3.28,↓ Patients < Controls,Cerebellar vermis IX,Cerebellum,Gray,Bilateral,0,-52,-36,Task-evoked BOLD,Cerebellar,NA,NA,Group difference in main effect of high vs low neck proprioceptive input ((MH+SH) > (ML+SL)); controls show greater cerebellar vermis activation than bilateral vestibular loss patients.,"Cutfield et al., 2014.pdf"
Cutfield_2014_VisPro_HighLow_CerebVermisX,Cutfield,2014,Visual and proprioceptive interaction in patients with bilateral vestibular loss,NeuroImage: Clinical,10.1016/j.nicl.2013.12.013,Bilateral vestibular loss,Aminoglycoside ototoxicity or idiopathic bilateral vestibular failure,Acquired,Bilateral,NA,12,14,51,6F/6M,fMRI,Functional,3,FSL (FEAT/FSL-VBM),-1.1429244143240334,NA,NA,NA,p < 0.05 (cluster-corrected),z,3,↓ Patients < Controls,Cerebellar vermis X,Cerebellum,Gray,Bilateral,-2,-44,-32,Task-evoked BOLD,Cerebellar,NA,NA,Group difference in main effect of high vs low neck proprioceptive input ((MH+SH) > (ML+SL)); controls show greater cerebellar vermis activation than bilateral vestibular loss patients.,"Cutfield et al., 2014.pdf"
Cutfield_2014_VisPro_MLgtMH_LLatOcc1,Cutfield,2014,Visual and proprioceptive interaction in patients with bilateral vestibular loss,NeuroImage: Clinical,10.1016/j.nicl.2013.12.013,Bilateral vestibular loss,Aminoglycoside ototoxicity or idiopathic bilateral vestibular failure,Acquired,Bilateral,NA,12,14,51,6F/6M,fMRI,Functional,3,FSL (FEAT/FSL-VBM),1.642001408578861,NA,NA,NA,p < 0.05 (cluster-corrected),z,4.31,↑ Patients > Controls,Lateral occipital cortex,Occipital,Gray,L,-18,-84,20,Task-evoked BOLD,Visual,NA,NA,Group difference for contrast visual motion with low vs high proprioceptive input (ML > MH); bilateral vestibular loss patients show greater activation than controls.,"Cutfield et al., 2014.pdf"
Cutfield_2014_VisPro_MLgtMH_LLatOcc2,Cutfield,2014,Visual and proprioceptive interaction in patients with bilateral vestibular loss,NeuroImage: Clinical,10.1016/j.nicl.2013.12.013,Bilateral vestibular loss,Aminoglycoside ototoxicity or idiopathic bilateral vestibular failure,Acquired,Bilateral,NA,12,14,51,6F/6M,fMRI,Functional,3,FSL (FEAT/FSL-VBM),1.5315187151942045,NA,NA,NA,p < 0.05 (cluster-corrected),z,4.02,↑ Patients > Controls,Lateral occipital cortex,Occipital,Gray,L,-40,-82,18,Task-evoked BOLD,Visual,NA,NA,Group difference for contrast visual motion with low vs high proprioceptive input (ML > MH); bilateral vestibular loss patients show greater activation than controls.,"Cutfield et al., 2014.pdf"
Cutfield_2014_VisPro_MLgtMH_LLatOcc3,Cutfield,2014,Visual and proprioceptive interaction in patients with bilateral vestibular loss,NeuroImage: Clinical,10.1016/j.nicl.2013.12.013,Bilateral vestibular loss,Aminoglycoside ototoxicity or idiopathic bilateral vestibular failure,Acquired,Bilateral,NA,12,14,51,6F/6M,fMRI,Functional,3,FSL (FEAT/FSL-VBM),1.5315187151942045,NA,NA,NA,p < 0.05 (cluster-corrected),z,4.02,↑ Patients > Controls,Lateral occipital cortex,Occipital,Gray,L,-22,-90,10,Task-evoked BOLD,Visual,NA,NA,Group difference for contrast visual motion with low vs high proprioceptive input (ML > MH); bilateral vestibular loss patients show greater activation than controls.,"Cutfield et al., 2014.pdf"
Cutfield_2014_VisPro_MLgtMH_LIntracalcarine,Cutfield,2014,Visual and proprioceptive interaction in patients with bilateral vestibular loss,NeuroImage: Clinical,10.1016/j.nicl.2013.12.013,Bilateral vestibular loss,Aminoglycoside ototoxicity or idiopathic bilateral vestibular failure,Acquired,Bilateral,NA,12,14,51,6F/6M,fMRI,Functional,3,FSL (FEAT/FSL-VBM),1.5543772034806853,NA,NA,NA,p < 0.05 (cluster-corrected),z,4.08,↑ Patients > Controls,Intracalcarine cortex,Occipital,Gray,L,-18,-64,8,Task-evoked BOLD,Visual,NA,NA,Group difference for contrast visual motion with low vs high proprioceptive input (ML > MH); bilateral vestibular loss patients show greater activation than controls.,"Cutfield et al., 2014.pdf"
Cutfield_2014_VisPro_MLgtMH_ROccipitalPole,Cutfield,2014,Visual and proprioceptive interaction in patients with bilateral vestibular loss,NeuroImage: Clinical,10.1016/j.nicl.2013.12.013,Bilateral vestibular loss,Aminoglycoside ototoxicity or idiopathic bilateral vestibular failure,Acquired,Bilateral,NA,12,14,51,6F/6M,fMRI,Functional,3,FSL (FEAT/FSL-VBM),1.5619966995761787,NA,NA,NA,p < 0.05 (cluster-corrected),z,4.1,↑ Patients > Controls,Occipital pole,Occipital,Gray,R,20,-98,10,Task-evoked BOLD,Visual,NA,NA,Group difference for contrast visual motion with low vs high proprioceptive input (ML > MH); bilateral vestibular loss patients show greater activation than controls.,"Cutfield et al., 2014.pdf"
Cutfield_2014_VisPro_MLgtMH_CerebVermisIX,Cutfield,2014,Visual and proprioceptive interaction in patients with bilateral vestibular loss,NeuroImage: Clinical,10.1016/j.nicl.2013.12.013,Bilateral vestibular loss,Aminoglycoside ototoxicity or idiopathic bilateral vestibular failure,Acquired,Bilateral,NA,12,14,51,6F/6M,fMRI,Functional,3,FSL (FEAT/FSL-VBM),1.4858017386212432,NA,NA,NA,p < 0.05 (cluster-corrected),z,3.9,↑ Patients > Controls,Cerebellar vermis IX,Cerebellum,Gray,Bilateral,0,-54,-32,Task-evoked BOLD,Cerebellar,NA,NA,Group difference for contrast visual motion with low vs high proprioceptive input (ML > MH); bilateral vestibular loss patients show greater activation than controls.,"Cutfield et al., 2014.pdf"
Cutfield_2014_VisPro_MLgtMH_LCerebCrusI,Cutfield,2014,Visual and proprioceptive interaction in patients with bilateral vestibular loss,NeuroImage: Clinical,10.1016/j.nicl.2013.12.013,Bilateral vestibular loss,Aminoglycoside ototoxicity or idiopathic bilateral vestibular failure,Acquired,Bilateral,NA,12,14,51,6F/6M,fMRI,Functional,3,FSL (FEAT/FSL-VBM),1.508660226907724,NA,NA,NA,p < 0.05 (cluster-corrected),z,3.96,↑ Patients > Controls,Cerebellar crus I,Cerebellum,Gray,L,-48,-54,-32,Task-evoked BOLD,Cerebellar,NA,NA,Group difference for contrast visual motion with low vs high proprioceptive input (ML > MH); bilateral vestibular loss patients show greater activation than controls.,"Cutfield et al., 2014.pdf"
Cutfield_2014_VisPro_MLgtMH_LCerebVI,Cutfield,2014,Visual and proprioceptive interaction in patients with bilateral vestibular loss,NeuroImage: Clinical,10.1016/j.nicl.2013.12.013,Bilateral vestibular loss,Aminoglycoside ototoxicity or idiopathic bilateral vestibular failure,Acquired,Bilateral,NA,12,14,51,6F/6M,fMRI,Functional,3,FSL (FEAT/FSL-VBM),1.4172262737618013,NA,NA,NA,p < 0.05 (cluster-corrected),z,3.72,↑ Patients > Controls,Cerebellar lobule VI,Cerebellum,Gray,L,-26,-64,-30,Task-evoked BOLD,Cerebellar,NA,NA,Group difference for contrast visual motion with low vs high proprioceptive input (ML > MH); bilateral vestibular loss patients show greater activation than controls.,"Cutfield et al., 2014.pdf"
Gard_2022_MK_SCP,Gard,2022,Post-Concussive Vestibular Dysfunction Is Related to Injury to the Inferior Vestibular Nerve,Journal of Neurotrauma,10.1089/neu.2021.0447,Sports-related concussion with persistent post-concussive symptoms,NA,Acquired,NA,NA,18,20,26,14M/7F,MRI,Diffusion,7,"FSL, TractSeg, dipy",NA,NA,NA,NA,0.01,NA,NA,↓ Patients < Controls,Superior cerebellar peduncle,Cerebellum,White,Bilateral,NA,NA,NA,Mean kurtosis (MK),NA,NA,NA,"Significant MK reduction in SRC athletes vs controls (p=0.010, Bonferroni-corrected significance threshold 0.017). Data from DKI Table.","Gard et al., 2022.pdf"
Gard_2022_MK_ICP,Gard,2022,Post-Concussive Vestibular Dysfunction Is Related to Injury to the Inferior Vestibular Nerve,Journal of Neurotrauma,10.1089/neu.2021.0447,Sports-related concussion with persistent post-concussive symptoms,NA,Acquired,NA,NA,18,20,26,14M/7F,MRI,Diffusion,7,"FSL, TractSeg, dipy",NA,NA,NA,NA,0.01,NA,NA,↓ Patients < Controls,Inferior cerebellar peduncle,Cerebellum,White,Bilateral,NA,NA,NA,Mean kurtosis (MK),NA,NA,NA,"Significant MK reduction in SRC athletes vs controls (p=0.010, below Bonferroni threshold 0.017). Data from DKI Table.","Gard et al., 2022.pdf"
Gard_2022_RK_SCP,Gard,2022,Post-Concussive Vestibular Dysfunction Is Related to Injury to the Inferior Vestibular Nerve,Journal of Neurotrauma,10.1089/neu.2021.0447,Sports-related concussion with persistent post-concussive symptoms,NA,Acquired,NA,NA,18,20,26,14M/7F,MRI,Diffusion,7,"FSL, TractSeg, dipy",NA,NA,NA,NA,0.006,NA,NA,↓ Patients < Controls,Superior cerebellar peduncle,Cerebellum,White,Bilateral,NA,NA,NA,Radial kurtosis (RK),NA,NA,NA,Significant RK reduction in superior cerebellar peduncle (p=0.006 < 0.017 Bonferroni threshold).,"Gard et al., 2022.pdf"
Goettlich_2016_HCgtBVF_Hippo_R1,Göttlich,2016,Hippocampal Gray Matter Volume in Bilateral Vestibular Failure,Human Brain Mapping,10.1002/hbm.23152,Bilateral vestibular failure,NA,Acquired,Bilateral,50.4,27,30,65.2,11F/16M,MRI,Structural,3,SPM12 (VBM),-0.6148545864731245,NA,NA,NA,0.011,t,2.35,↓ Patients < Controls,Hippocampus,Temporal,Gray,R,18,3,-20,GM volume,NA,NA,NA,"Cluster from hippocampal VBM (unthresholded t-map, HC > BVF; p-value uncorrected).","Göttlich et al., 2016.pdf"
Goettlich_2016_HCgtBVF_Hippo_L1,Göttlich,2016,Hippocampal Gray Matter Volume in Bilateral Vestibular Failure,Human Brain Mapping,10.1002/hbm.23152,Bilateral vestibular failure,NA,Acquired,Bilateral,50.4,27,30,65.2,11F/16M,MRI,Structural,3,SPM12 (VBM),-0.5625265365605181,NA,NA,NA,0.018,t,2.15,↓ Patients < Controls,Hippocampus,Temporal,Gray,L,-17,2,-20,GM volume,NA,NA,NA,"Cluster from hippocampal VBM (unthresholded t-map, HC > BVF; p-value uncorrected).","Göttlich et al., 2016.pdf"
Goettlich_2016_HCgtBVF_Hippo_R2,Göttlich,2016,Hippocampal Gray Matter Volume in Bilateral Vestibular Failure,Human Brain Mapping,10.1002/hbm.23152,Bilateral vestibular failure,NA,Acquired,Bilateral,50.4,27,30,65.2,11F/16M,MRI,Structural,3,SPM12 (VBM),-0.5468281215867361,NA,NA,NA,0.02,t,2.09,↓ Patients < Controls,Hippocampus,Temporal,Gray,R,24,-11,-17,GM volume,NA,NA,NA,"Cluster from hippocampal VBM (unthresholded t-map, HC > BVF; p-value uncorrected).","Göttlich et al., 2016.pdf"
Goettlich_2016_HCgtBVF_Hippo_L2,Göttlich,2016,Hippocampal Gray Matter Volume in Bilateral Vestibular Failure,Human Brain Mapping,10.1002/hbm.23152,Bilateral vestibular failure,NA,Acquired,Bilateral,50.4,27,30,65.2,11F/16M,MRI,Structural,3,SPM12 (VBM),-0.5180476941348027,NA,NA,NA,0.026,t,1.98,↓ Patients < Controls,Hippocampus,Temporal,Gray,L,-14,28,-15,GM volume,NA,NA,NA,"Cluster from hippocampal VBM (unthresholded t-map, HC > BVF; p-value uncorrected).","Göttlich et al., 2016.pdf"
Goettlich_2016_HCgtBVF_Hippo_L3,Göttlich,2016,Hippocampal Gray Matter Volume in Bilateral Vestibular Failure,Human Brain Mapping,10.1002/hbm.23152,Bilateral vestibular failure,NA,Acquired,Bilateral,50.4,27,30,65.2,11F/16M,MRI,Structural,3,SPM12 (VBM),-0.4945000716741298,NA,NA,NA,0.032,t,1.89,↓ Patients < Controls,Hippocampus,Temporal,Gray,L,-18,-17,-18,GM volume,NA,NA,NA,"Cluster from hippocampal VBM (unthresholded t-map, HC > BVF; p-value uncorrected).","Göttlich et al., 2016.pdf"
Helmchen_2009_Insula_Frontal,Helmchen,2009,Structural Changes in the Human Brain following Vestibular Neuritis Indicate Central Vestibular Compensation,Annals of the New York Academy of Sciences,10.1111/j.1749-6632.2008.03745.x,Acute unilateral peripheral vestibular neuritis,Acute unilateral vestibular neuritis (mixed left/right lesions),Acquired,NA,3,15,15,49,7F/8M,MRI,Structural,1.5,SPM2,1.8083726385089485,NA,NA,NA,p(FDR) < 0.001,t,5.09,↑ Patients > Controls,Insula,Frontal,Gray,L,-47,9,7,GM volume (VBM),Vestibular,NA,NA,Global GMV increase in insular cortex; whole-brain VBM; FDR-corrected.,"Helmchen et al., 2009.pdf"
Helmchen_2009_STG_1,Helmchen,2009,Structural Changes in the Human Brain following Vestibular Neuritis Indicate Central Vestibular Compensation,Annals of the New York Academy of Sciences,10.1111/j.1749-6632.2008.03745.x,Acute unilateral peripheral vestibular neuritis,Acute unilateral vestibular neuritis (mixed left/right lesions),Acquired,NA,3,15,15,49,7F/8M,MRI,Structural,1.5,SPM2,1.5170434511656599,NA,NA,NA,p(FDR) < 0.001,t,4.27,↑ Patients > Controls,Superior temporal gyrus,Temporal,Gray,R,55,-42,7,GM volume (VBM),Vestibular,NA,NA,Global GMV increase in right STG; whole-brain VBM; FDR-corrected.,"Helmchen et al., 2009.pdf"
Helmchen_2009_STG_2,Helmchen,2009,Structural Changes in the Human Brain following Vestibular Neuritis Indicate Central Vestibular Compensation,Annals of the New York Academy of Sciences,10.1111/j.1749-6632.2008.03745.x,Acute unilateral peripheral vestibular neuritis,Acute unilateral vestibular neuritis (mixed left/right lesions),Acquired,NA,3,15,15,49,7F/8M,MRI,Structural,1.5,SPM2,1.5454658109064685,NA,NA,NA,p(FDR) < 0.001,t,4.35,↑ Patients > Controls,Superior temporal gyrus,Temporal,Gray,L,-50,-22,-3,GM volume (VBM),Vestibular,NA,NA,Global GMV increase in left STG; whole-brain VBM; FDR-corrected.,"Helmchen et al., 2009.pdf"
Helmchen_2009_MTG_1,Helmchen,2009,Structural Changes in the Human Brain following Vestibular Neuritis Indicate Central Vestibular Compensation,Annals of the New York Academy of Sciences,10.1111/j.1749-6632.2008.03745.x,Acute unilateral peripheral vestibular neuritis,Acute unilateral vestibular neuritis (mixed left/right lesions),Acquired,NA,3,15,15,49,7F/8M,MRI,Structural,1.5,SPM2,1.7124471743837195,NA,NA,NA,p(FDR) < 0.001,t,4.82,↑ Patients > Controls,Middle temporal gyrus,Temporal,Gray,R,63,-56,1,GM volume (VBM),Visual,NA,NA,Global GMV increase in MT/V5 region; whole-brain VBM; FDR-corrected.,"Helmchen et al., 2009.pdf"
Helmchen_2009_MTG_2,Helmchen,2009,Structural Changes in the Human Brain following Vestibular Neuritis Indicate Central Vestibular Compensation,Annals of the New York Academy of Sciences,10.1111/j.1749-6632.2008.03745.x,Acute unilateral peripheral vestibular neuritis,Acute unilateral vestibular neuritis (mixed left/right lesions),Acquired,NA,3,15,15,49,7F/8M,MRI,Structural,1.5,SPM2,1.2612422134983823,NA,NA,NA,p(FDR) = 0.01,t,3.55,↑ Patients > Controls,Middle temporal gyrus,Temporal,Gray,L,-49,-52,0,GM volume (VBM),Visual,NA,NA,Global GMV increase in left MTG; whole-brain VBM; FDR-corrected.,"Helmchen et al., 2009.pdf"
Helmchen_2009_MTG_3,Helmchen,2009,Structural Changes in the Human Brain following Vestibular Neuritis Indicate Central Vestibular Compensation,Annals of the New York Academy of Sciences,10.1111/j.1749-6632.2008.03745.x,Acute unilateral peripheral vestibular neuritis,Acute unilateral vestibular neuritis (mixed left/right lesions),Acquired,NA,3,15,15,49,7F/8M,MRI,Structural,1.5,SPM2,1.5952049404528839,NA,NA,NA,p(FDR) < 0.001,t,4.49,↑ Patients > Controls,Middle temporal gyrus,Temporal,Gray,R,65,-16,-7,GM volume (VBM),Visual,NA,NA,Global GMV increase in right MTG; whole-brain VBM; FDR-corrected.,"Helmchen et al., 2009.pdf"
Helmchen_2009_MTG_4,Helmchen,2009,Structural Changes in the Human Brain following Vestibular Neuritis Indicate Central Vestibular Compensation,Annals of the New York Academy of Sciences,10.1111/j.1749-6632.2008.03745.x,Acute unilateral peripheral vestibular neuritis,Acute unilateral vestibular neuritis (mixed left/right lesions),Acquired,NA,3,15,15,49,7F/8M,MRI,Structural,1.5,SPM2,1.3429564977532071,NA,NA,NA,p(FDR) < 0.001,t,3.78,↑ Patients > Controls,Middle temporal gyrus,Temporal,Gray,R,51,-2,-18,GM volume (VBM),Visual,NA,NA,Global GMV increase in inferior MTG; whole-brain VBM; FDR-corrected.,"Helmchen et al., 2009.pdf"
Helmchen_2009_IPL,Helmchen,2009,Structural Changes in the Human Brain following Vestibular Neuritis Indicate Central Vestibular Compensation,Annals of the New York Academy of Sciences,10.1111/j.1749-6632.2008.03745.x,Acute unilateral peripheral vestibular neuritis,Acute unilateral vestibular neuritis (mixed left/right lesions),Acquired,NA,3,15,15,49,7F/8M,MRI,Structural,1.5,SPM2,2.4620869125475466,NA,NA,NA,p(FDR) < 0.001,t,6.93,↑ Patients > Controls,Inferior parietal lobe,Parietal,Gray,R,46,-38,43,GM volume (VBM),Vestibular,NA,NA,Global GMV increase in IPL; whole-brain VBM; FDR-corrected.,"Helmchen et al., 2009.pdf"
Helmchen_2009_Precuneus,Helmchen,2009,Structural Changes in the Human Brain following Vestibular Neuritis Indicate Central Vestibular Compensation,Annals of the New York Academy of Sciences,10.1111/j.1749-6632.2008.03745.x,Acute unilateral peripheral vestibular neuritis,Acute unilateral vestibular neuritis (mixed left/right lesions),Acquired,NA,3,15,15,49,7F/8M,MRI,Structural,1.5,SPM2,2.0783850560466304,NA,NA,NA,p(FDR) < 0.001,t,5.85,↑ Patients > Controls,Precuneus,Parietal,Gray,R,14,-49,30,GM volume (VBM),Vestibular,NA,NA,Global GMV increase in precuneus; whole-brain VBM; FDR-corrected.,"Helmchen et al., 2009.pdf"
Helmchen_2009_MOG,Helmchen,2009,Structural Changes in the Human Brain following Vestibular Neuritis Indicate Central Vestibular Compensation,Annals of the New York Academy of Sciences,10.1111/j.1749-6632.2008.03745.x,Acute unilateral peripheral vestibular neuritis,Acute unilateral vestibular neuritis (mixed left/right lesions),Acquired,NA,3,15,15,49,7F/8M,MRI,Structural,1.5,SPM2,1.5383602209712666,NA,NA,NA,p(FDR) < 0.001,t,4.33,↑ Patients > Controls,Middle occipital gyrus,Occipital,Gray,R,47,-77,-4,GM volume (VBM),Visual,NA,NA,Global GMV increase in middle occipital gyrus; whole-brain VBM; FDR-corrected.,"Helmchen et al., 2009.pdf"
Helmchen_2009_Lingual,Helmchen,2009,Structural Changes in the Human Brain following Vestibular Neuritis Indicate Central Vestibular Compensation,Annals of the New York Academy of Sciences,10.1111/j.1749-6632.2008.03745.x,Acute unilateral peripheral vestibular neuritis,Acute unilateral vestibular neuritis (mixed left/right lesions),Acquired,NA,3,15,15,49,7F/8M,MRI,Structural,1.5,SPM2,1.509937861230458,NA,NA,NA,p(FDR) < 0.001,t,4.25,↑ Patients > Controls,Lingual gyrus,Occipital,Gray,L,-27,-76,-11,GM volume (VBM),Visual,NA,NA,Global GMV increase in lingual gyrus; whole-brain VBM; FDR-corrected.,"Helmchen et al., 2009.pdf"
Helmchen_2009_Cuneus,Helmchen,2009,Structural Changes in the Human Brain following Vestibular Neuritis Indicate Central Vestibular Compensation,Annals of the New York Academy of Sciences,10.1111/j.1749-6632.2008.03745.x,Acute unilateral peripheral vestibular neuritis,Acute unilateral vestibular neuritis (mixed left/right lesions),Acquired,NA,3,15,15,49,7F/8M,MRI,Structural,1.5,SPM2,1.5703353756796763,NA,NA,NA,p(FDR) < 0.001,t,4.42,↑ Patients > Controls,Cuneus,Occipital,Gray,L,-16,-87,11,GM volume (VBM),Visual,NA,NA,Global GMV increase in cuneus; whole-brain VBM; FDR-corrected.,"Helmchen et al., 2009.pdf"
Helmchen_2009_Cingulate,Helmchen,2009,Structural Changes in the Human Brain following Vestibular Neuritis Indicate Central Vestibular Compensation,Annals of the New York Academy of Sciences,10.1111/j.1749-6632.2008.03745.x,Acute unilateral peripheral vestibular neuritis,Acute unilateral vestibular neuritis (mixed left/right lesions),Acquired,NA,3,15,15,49,7F/8M,MRI,Structural,1.5,SPM2,1.509937861230458,NA,NA,NA,p(FDR) < 0.001,t,4.25,↑ Patients > Controls,Cingulate gyrus,Limbic,Gray,R,15,-22,42,GM volume (VBM),Vestibular,NA,NA,Global GMV increase in cingulate gyrus; whole-brain VBM; FDR-corrected.,"Helmchen et al., 2009.pdf"
Helmchen_2009_Insula_Sublobar,Helmchen,2009,Structural Changes in the Human Brain following Vestibular Neuritis Indicate Central Vestibular Compensation,Annals of the New York Academy of Sciences,10.1111/j.1749-6632.2008.03745.x,Acute unilateral peripheral vestibular neuritis,Acute unilateral vestibular neuritis (mixed left/right lesions),Acquired,NA,3,15,15,49,7F/8M,MRI,Structural,1.5,SPM2,1.5845465555500806,NA,NA,NA,p(FDR) < 0.001,t,4.46,↑ Patients > Controls,Insula,Sublobar,Gray,L,-28,12,-2,GM volume (VBM),Vestibular,NA,NA,Global GMV increase in insula (sublobar); whole-brain VBM; FDR-corrected.,"Helmchen et al., 2009.pdf"
Helmchen_2009_Cereb_InfSemiLunar,Helmchen,2009,Structural Changes in the Human Brain following Vestibular Neuritis Indicate Central Vestibular Compensation,Annals of the New York Academy of Sciences,10.1111/j.1749-6632.2008.03745.x,Acute unilateral peripheral vestibular neuritis,Acute unilateral vestibular neuritis (mixed left/right lesions),Acquired,NA,3,15,15,49,7F/8M,MRI,Structural,1.5,SPM2,1.9398260523101882,NA,NA,NA,p(FDR) < 0.001,t,5.46,↑ Patients > Controls,Inferior semi-lunar lobule,Cerebellum,Gray,L,-18,-61,-51,GM volume (VBM),Cerebellar,NA,NA,Global GMV increase in cerebellar posterior lobe (inferior semi-lunar lobule); whole-brain VBM; FDR-corrected.,"Helmchen et al., 2009.pdf"
Helmchen_2009_Culmen_1,Helmchen,2009,Structural Changes in the Human Brain following Vestibular Neuritis Indicate Central Vestibular Compensation,Annals of the New York Academy of Sciences,10.1111/j.1749-6632.2008.03745.x,Acute unilateral peripheral vestibular neuritis,Acute unilateral vestibular neuritis (mixed left/right lesions),Acquired,NA,3,15,15,49,7F/8M,MRI,Structural,1.5,SPM2,1.4104596021376279,NA,NA,NA,p(FDR) < 0.001,t,3.97,↑ Patients > Controls,Culmen,Cerebellum,Gray,L,-23,-53,-24,GM volume (VBM),Cerebellar,NA,NA,Global GMV increase in cerebellar anterior lobe (culmen); whole-brain VBM; FDR-corrected.,"Helmchen et al., 2009.pdf"
Helmchen_2009_Culmen_2,Helmchen,2009,Structural Changes in the Human Brain following Vestibular Neuritis Indicate Central Vestibular Compensation,Annals of the New York Academy of Sciences,10.1111/j.1749-6632.2008.03745.x,Acute unilateral peripheral vestibular neuritis,Acute unilateral vestibular neuritis (mixed left/right lesions),Acquired,NA,3,15,15,49,7F/8M,MRI,Structural,1.5,SPM2,1.964695617083396,NA,NA,NA,p(FDR) < 0.001,t,5.53,↑ Patients > Controls,Culmen,Cerebellum,Gray,L,-12,-35,-28,GM volume (VBM),Cerebellar,NA,NA,Global GMV increase in cerebellar anterior lobe (culmen); whole-brain VBM; FDR-corrected.,"Helmchen et al., 2009.pdf"
Helmchen_2009_Pons,Helmchen,2009,Structural Changes in the Human Brain following Vestibular Neuritis Indicate Central Vestibular Compensation,Annals of the New York Academy of Sciences,10.1111/j.1749-6632.2008.03745.x,Acute unilateral peripheral vestibular neuritis,Acute unilateral vestibular neuritis (mixed left/right lesions),Acquired,NA,3,15,15,49,7F/8M,MRI,Structural,1.5,SPM2,-1.2150558789195685,NA,NA,NA,p(FDR) = 0.001,t,3.42,↓ Patients < Controls,Pons,Brainstem,Gray,Bilateral,7,-38,-35,GM volume (VBM),Vestibular,NA,NA,Global GMV decrease in midline pontomedullary junction; whole-brain VBM; FDR-corrected.,"Helmchen et al., 2009.pdf"
Helmchen_2011_SFG_R,Helmchen,2011,Structural brain changes following peripheral vestibulo-cochlear lesion may indicate multisensory compensation,"Journal of Neurology, Neurosurgery & Psychiatry",10.1136/jnnp.2010.204925,Unilateral vestibulo-cochlear lesion due to acoustic neuroma surgery,NA,Acquired,Mixed,37,15,15,56.6,11F/4M,MRI,Structural,1.5,SPM2 (VBM toolbox),1.247031033627978,NA,NA,NA,0.001,T,3.51,↑ Patients > Controls,Superior frontal gyrus,Frontal,Gray,R,18,34,44,GM volume,NA,NA,NA,"Cluster from ROI-based VBM comparison (patients > controls), p<0.005 uncorrected.","Helmchen et al., 2010.pdf"
Helmchen_2011_MFG_R,Helmchen,2011,Structural brain changes following peripheral vestibulo-cochlear lesion may indicate multisensory compensation,"Journal of Neurology, Neurosurgery & Psychiatry",10.1136/jnnp.2010.204925,Unilateral vestibulo-cochlear lesion due to acoustic neuroma surgery,NA,Acquired,Mixed,37,15,15,56.6,11F/4M,MRI,Structural,1.5,SPM2 (VBM toolbox),1.232819853757574,NA,NA,NA,0.001,T,3.47,↑ Patients > Controls,Middle frontal gyrus,Frontal,Gray,R,33,39,30,GM volume,NA,NA,NA,"Cluster from ROI-based VBM comparison (patients > controls), p<0.005 uncorrected.","Helmchen et al., 2010.pdf"
Helmchen_2011_OrbitalGyrus_L,Helmchen,2011,Structural brain changes following peripheral vestibulo-cochlear lesion may indicate multisensory compensation,"Journal of Neurology, Neurosurgery & Psychiatry",10.1136/jnnp.2010.204925,Unilateral vestibulo-cochlear lesion due to acoustic neuroma surgery,NA,Acquired,Mixed,37,15,15,56.6,11F/4M,MRI,Structural,1.5,SPM2 (VBM toolbox),1.4282235769756328,NA,NA,NA,0.0,T,4.02,↑ Patients > Controls,Orbital gyrus,Frontal,Gray,L,-18,29,-11,GM volume,NA,NA,NA,"Cluster from ROI-based VBM comparison (patients > controls), p<0.005 uncorrected.","Helmchen et al., 2010.pdf"
Helmchen_2011_OrbitalGyrus_R,Helmchen,2011,Structural brain changes following peripheral vestibulo-cochlear lesion may indicate multisensory compensation,"Journal of Neurology, Neurosurgery & Psychiatry",10.1136/jnnp.2010.204925,Unilateral vestibulo-cochlear lesion due to acoustic neuroma surgery,NA,Acquired,Mixed,37,15,15,56.6,11F/4M,MRI,Structural,1.5,SPM2 (VBM toolbox),1.2505838285955793,NA,NA,NA,0.001,T,3.52,↑ Patients > Controls,Orbital gyrus,Frontal,Gray,R,15,36,-14,GM volume,NA,NA,NA,"Cluster from ROI-based VBM comparison (patients > controls), p<0.005 uncorrected.","Helmchen et al., 2010.pdf"
Helmchen_2011_STG_R_inc,Helmchen,2011,Structural brain changes following peripheral vestibulo-cochlear lesion may indicate multisensory compensation,"Journal of Neurology, Neurosurgery & Psychiatry",10.1136/jnnp.2010.204925,Unilateral vestibulo-cochlear lesion due to acoustic neuroma surgery,NA,Acquired,Mixed,37,15,15,56.6,11F/4M,MRI,Structural,1.5,SPM2 (VBM toolbox),1.0445217204747168,NA,NA,NA,0.003,T,2.94,↑ Patients > Controls,Superior temporal gyrus,Temporal,Gray,R,59,-6,-2,GM volume,NA,NA,NA,"Cluster from ROI-based VBM comparison (patients > controls) in superior temporal gyrus, p<0.005 uncorrected.","Helmchen et al., 2010.pdf"
Helmchen_2011_MTG_L_1,Helmchen,2011,Structural brain changes following peripheral vestibulo-cochlear lesion may indicate multisensory compensation,"Journal of Neurology, Neurosurgery & Psychiatry",10.1136/jnnp.2010.204925,Unilateral vestibulo-cochlear lesion due to acoustic neuroma surgery,NA,Acquired,Mixed,37,15,15,56.6,11F/4M,MRI,Structural,1.5,SPM2 (VBM toolbox),1.4459875518136385,NA,NA,NA,0.0,T,4.07,↑ Patients > Controls,Middle temporal gyrus,Temporal,Gray,L,-51,-26,0,GM volume,NA,NA,NA,"Anterior middle temporal gyrus cluster from ROI-based VBM comparison (patients > controls), p<0.005 uncorrected.","Helmchen et al., 2010.pdf"
Helmchen_2011_MTG_R,Helmchen,2011,Structural brain changes following peripheral vestibulo-cochlear lesion may indicate multisensory compensation,"Journal of Neurology, Neurosurgery & Psychiatry",10.1136/jnnp.2010.204925,Unilateral vestibulo-cochlear lesion due to acoustic neuroma surgery,NA,Acquired,Mixed,37,15,15,56.6,11F/4M,MRI,Structural,1.5,SPM2 (VBM toolbox),1.4744099115544473,NA,NA,NA,0.0,T,4.15,↑ Patients > Controls,Middle temporal gyrus,Temporal,Gray,R,48,-28,0,GM volume,NA,NA,NA,"Middle temporal gyrus cluster	from ROI-based VBM comparison (patients > controls), p<0.005 uncorrected.","Helmchen et al., 2010.pdf"
Huefner_2007_Cerebellum,Hüfner,2007,Spatial Memory and Hippocampal Volume in Humans With Unilateral Vestibular Deafferentation,Hippocampus,10.1002/hipo.20283,Unilateral vestibular deafferentation due to acoustic neurinoma surgery,NA,Acquired,"Left or Right (unilateral), mixed",NA,15,16,NA,8F/8M,MRI,Structural,1.5,SPM2,NA,NA,NA,NA,p < 0.05 (FDR-corrected),NA,NA,↓ Patients < Controls,Cerebellar hemisphere,Cerebellum,Gray,NA,NA,NA,NA,GM volume,NA,NA,NA,Cluster from whole-brain VBM showing reduced gray matter volume in cerebellar hemisphere on the affected side in UVD patients vs controls.,"Hüfner et al., 2007.pdf"
Huefner_2007_Mesencephalon,Hüfner,2007,Spatial Memory and Hippocampal Volume in Humans With Unilateral Vestibular Deafferentation,Hippocampus,10.1002/hipo.20283,Unilateral vestibular deafferentation due to acoustic neurinoma surgery,NA,Acquired,"Left or Right (unilateral), mixed",NA,15,16,NA,8F/8M,MRI,Structural,1.5,SPM2,NA,NA,NA,NA,p < 0.05 (FDR-corrected),NA,NA,↓ Patients < Controls,Mesencephalon,Brainstem,Gray,NA,NA,NA,NA,GM volume,NA,NA,NA,Cluster from whole-brain VBM showing reduced gray matter volume in contralateral mesencephalon in UVD patients vs controls.,"Hüfner et al., 2007.pdf"
Huefner_2007_Thalamus,Hüfner,2007,Spatial Memory and Hippocampal Volume in Humans With Unilateral Vestibular Deafferentation,Hippocampus,10.1002/hipo.20283,Unilateral vestibular deafferentation due to acoustic neurinoma surgery,NA,Acquired,"Left or Right (unilateral), mixed",NA,15,16,NA,8F/8M,MRI,Structural,1.5,SPM2,NA,NA,NA,NA,p < 0.05 (FDR-corrected),NA,NA,↓ Patients < Controls,Thalamus,Subcortical,Gray,NA,NA,NA,NA,GM volume,NA,NA,NA,Cluster from whole-brain VBM showing reduced gray matter volume in contralateral thalamus in UVD patients vs controls.,"Hüfner et al., 2007.pdf"
Huefner_2007_MOG,Hüfner,2007,Spatial Memory and Hippocampal Volume in Humans With Unilateral Vestibular Deafferentation,Hippocampus,10.1002/hipo.20283,Unilateral vestibular deafferentation due to acoustic neurinoma surgery,NA,Acquired,"Left or Right (unilateral), mixed",NA,15,16,NA,8F/8M,MRI,Structural,1.5,SPM2,NA,NA,NA,NA,p < 0.05 (FDR-corrected),NA,NA,↓ Patients < Controls,Middle occipital gyrus,Occipital,Gray,NA,NA,NA,NA,GM volume,NA,NA,NA,Cluster from whole-brain VBM showing reduced gray matter volume in ipsilateral middle occipital gyrus (possibly MT/V5) in UVD patients vs controls.,"Hüfner et al., 2007.pdf"
Huefner_2007_S1,Hüfner,2007,Spatial Memory and Hippocampal Volume in Humans With Unilateral Vestibular Deafferentation,Hippocampus,10.1002/hipo.20283,Unilateral vestibular deafferentation due to acoustic neurinoma surgery,NA,Acquired,"Left or Right (unilateral), mixed",NA,15,16,NA,8F/8M,MRI,Structural,1.5,SPM2,NA,NA,NA,NA,p < 0.05 (FDR-corrected),NA,NA,↓ Patients < Controls,Primary somatosensory cortex,Parietal,Gray,NA,NA,NA,NA,GM volume,NA,NA,NA,Cluster from whole-brain VBM showing reduced gray matter volume in ipsilateral primary somatosensory cortex in UVD patients vs controls.,"Hüfner et al., 2007.pdf"
Huefner_2007_Supramarginal,Hüfner,2007,Spatial Memory and Hippocampal Volume in Humans With Unilateral Vestibular Deafferentation,Hippocampus,10.1002/hipo.20283,Unilateral vestibular deafferentation due to acoustic neurinoma surgery,NA,Acquired,"Left or Right (unilateral), mixed",NA,15,16,NA,8F/8M,MRI,Structural,1.5,SPM2,NA,NA,NA,NA,p < 0.05 (FDR-corrected),NA,NA,↓ Patients < Controls,Supramarginal gyrus,Parietal,Gray,NA,NA,NA,NA,GM volume,NA,NA,NA,Cluster from whole-brain VBM showing reduced gray matter volume in ipsilateral supramarginal gyrus in UVD patients vs controls.,"Hüfner et al., 2007.pdf"
Huefner_2009_Cerebellum,Hüfner,2009,Gray-Matter Atrophy after Chronic Complete Unilateral Vestibular Deafferentation,Annals of the New York Academy of Sciences,10.1111/j.1749-6632.2008.03719.x,Chronic complete unilateral vestibular deafferentation due to vestibular schwannoma removal,NA,Acquired,"Unilateral (left/right), mixed",NA,16,NA,58,8F/8M,MRI,Structural,1.5,SPM2 (VBM),NA,NA,NA,NA,p < 0.05 (FDR-corrected),t,5.12,↓ Patients < Controls,Cerebellum (Crus I),Cerebellum,Gray,L,-39,-72,-28,GM volume,Vestibular,NA,NA,Whole-brain VBM cluster showing gray-matter volume loss in cerebellar hemisphere due to vestibular schwannoma removal; contrast UVD patients vs controls; right-sided lesions flipped to left.,"Hüfner et al., 2009.pdf"
Huefner_2009_Supramarginal,Hüfner,2009,Gray-Matter Atrophy after Chronic Complete Unilateral Vestibular Deafferentation,Annals of the New York Academy of Sciences,10.1111/j.1749-6632.2008.03719.x,Chronic complete unilateral vestibular deafferentation due to vestibular schwannoma removal,NA,Acquired,"Unilateral (left/right), mixed",NA,16,NA,58,8F/8M,MRI,Structural,1.5,SPM2 (VBM),NA,NA,NA,NA,p < 0.05 (FDR-corrected),t,4.88,↓ Patients < Controls,Supramarginal gyrus,Parietal,Gray,L,-46,-37,36,GM volume,Vestibular,NA,NA,Whole-brain VBM cluster showing gray-matter atrophy in supramarginal gyrus ipsilateral to lesion in UVD patients vs controls; right-sided lesions flipped to left.,"Hüfner et al., 2009.pdf"
Huefner_2009_Thalamus,Hüfner,2009,Gray-Matter Atrophy after Chronic Complete Unilateral Vestibular Deafferentation,Annals of the New York Academy of Sciences,10.1111/j.1749-6632.2008.03719.x,Chronic complete unilateral vestibular deafferentation due to vestibular schwannoma removal,NA,Acquired,"Unilateral (left/right), mixed",NA,16,NA,58,8F/8M,MRI,Structural,1.5,SPM2 (VBM),NA,NA,NA,NA,p < 0.05 (FDR-corrected),t,4.88,↓ Patients < Controls,Thalamus,Subcortical,Gray,R,17,-6,6,GM volume,Vestibular,NA,NA,Gray-matter volume reduction in thalamus contralateral to lesion for contrast UVD patients vs controls; right-sided lesions flipped.,"Hüfner et al., 2009.pdf"
Huefner_2009_Midbrain,Hüfner,2009,Gray-Matter Atrophy after Chronic Complete Unilateral Vestibular Deafferentation,Annals of the New York Academy of Sciences,10.1111/j.1749-6632.2008.03719.x,Chronic complete unilateral vestibular deafferentation due to vestibular schwannoma removal,NA,Acquired,"Unilateral (left/right), mixed",NA,16,NA,58,8F/8M,MRI,Structural,1.5,SPM2 (VBM),NA,NA,NA,NA,p < 0.05 (FDR-corrected),t,4.31,↓ Patients < Controls,Midbrain (mesencephalon),Brainstem,Gray,R,6,-29,-7,GM volume,Vestibular,NA,NA,Gray-matter volume reduction in tegmentum of mesencephalon contralateral to lesion in UVD patients vs controls.,"Hüfner et al., 2009.pdf"
Huefner_2009_Postcentral_STG,Hüfner,2009,Gray-Matter Atrophy after Chronic Complete Unilateral Vestibular Deafferentation,Annals of the New York Academy of Sciences,10.1111/j.1749-6632.2008.03719.x,Chronic complete unilateral vestibular deafferentation due to vestibular schwannoma removal,NA,Acquired,"Unilateral (left/right), mixed",NA,16,NA,58,8F/8M,MRI,Structural,1.5,SPM2 (VBM),NA,NA,NA,NA,p < 0.05 (FDR-corrected),t,4.72,↓ Patients < Controls,Postcentral gyrus / Superior temporal gyrus,Parietal/Temporal,Gray,L,-63,-10,24,GM volume,Vestibular,NA,NA,Cluster from whole-brain VBM showing gray-matter atrophy in postcentral gyrus and superior temporal gyrus ipsilateral to lesion in UVD patients vs controls.,"Hüfner et al., 2009.pdf"
Huefner_2009_MTV5,Hüfner,2009,Gray-Matter Atrophy after Chronic Complete Unilateral Vestibular Deafferentation,Annals of the New York Academy of Sciences,10.1111/j.1749-6632.2008.03719.x,Chronic complete unilateral vestibular deafferentation due to vestibular schwannoma removal,NA,Acquired,"Unilateral (left/right), mixed",NA,16,NA,58,8F/8M,MRI,Structural,1.5,SPM2 (VBM),NA,NA,NA,NA,p < 0.05 (FDR-corrected),t,4.36,↓ Patients < Controls,MT/V5,Occipital,Gray,L,-35,-82,7,GM volume,Vestibular,NA,NA,Gray-matter atrophy in motion-sensitive visual area MT/V5 ipsilateral to lesion in UVD patients vs controls.,"Hüfner et al., 2009.pdf"
Kremmyda_2016_R_PHC,Kremmyda,2016,"Beyond Dizziness: Virtual Navigation, Spatial Anxiety and Hippocampal Volume in Bilateral Vestibulopathy",Frontiers in Human Neuroscience,10.3389/fnhum.2016.00139,Bilateral vestibulopathy,Severe bilateral vestibulopathy with residual vestibular function,Acquired,Bilateral,163.2,13,13,63.6,6F/9M,MRI,Structural,3,SPM8 (VBM8),-2.6399296169969446,NA,NA,NA,0.005,t,6.95,↓ Patients < Controls,Parahippocampus,Temporal,Gray,R,22,-37,-12,GM volume (VBM),NA,NA,NA,"ROI-based VBM analysis of hippocampal formation; cluster in right posterior parahippocampus with greater GM volume in controls than in BVP patients (CON > BVP, FWE-corrected).","Kremmyda et al., 2016.pdf"
Kremmyda_2016_L_HC,Kremmyda,2016,"Beyond Dizziness: Virtual Navigation, Spatial Anxiety and Hippocampal Volume in Bilateral Vestibulopathy",Frontiers in Human Neuroscience,10.3389/fnhum.2016.00139,Bilateral vestibulopathy,Severe bilateral vestibulopathy with residual vestibular function,Acquired,Bilateral,163.2,13,13,63.6,6F/9M,MRI,Structural,3,SPM8 (VBM8),-2.563960419385522,NA,NA,NA,0.006,t,6.75,↓ Patients < Controls,Hippocampus,Temporal,Gray,L,-28,-25,-17,GM volume (VBM),NA,NA,NA,"ROI-based VBM analysis of hippocampal formation; cluster in left mid/posterior hippocampus with greater GM volume in controls than in BVP patients (CON > BVP, FWE-corrected).","Kremmyda et al., 2016.pdf"
Kremmyda_2016_L_PHC,Kremmyda,2016,"Beyond Dizziness: Virtual Navigation, Spatial Anxiety and Hippocampal Volume in Bilateral Vestibulopathy",Frontiers in Human Neuroscience,10.3389/fnhum.2016.00139,Bilateral vestibulopathy,Severe bilateral vestibulopathy with residual vestibular function,Acquired,Bilateral,163.2,13,13,63.6,6F/9M,MRI,Structural,3,SPM8 (VBM8),-1.933416079210712,NA,NA,NA,p < 0.001 (uncorrected),t,5.09,↓ Patients < Controls,Parahippocampus,Temporal,Gray,L,-20,-37,-12,GM volume (VBM),NA,NA,NA,"ROI-based VBM analysis of hippocampal formation; cluster in left posterior parahippocampus with greater GM volume in controls than in BVP patients (CON > BVP, p < 0.001 uncorrected).","Kremmyda et al., 2016.pdf"
Kremmyda_2016_R_HC,Kremmyda,2016,"Beyond Dizziness: Virtual Navigation, Spatial Anxiety and Hippocampal Volume in Bilateral Vestibulopathy",Frontiers in Human Neuroscience,10.3389/fnhum.2016.00139,Bilateral vestibulopathy,Severe bilateral vestibulopathy with residual vestibular function,Acquired,Bilateral,163.2,13,13,63.6,6F/9M,MRI,Structural,3,SPM8 (VBM8),-1.7586869247044394,NA,NA,NA,p < 0.001 (uncorrected),t,4.63,↓ Patients < Controls,Hippocampus,Temporal,Gray,R,28,-22,-9,GM volume (VBM),NA,NA,NA,"ROI-based VBM analysis of hippocampal formation; cluster in right mid hippocampus with greater GM volume in controls than in BVP patients (CON > BVP, p < 0.001 uncorrected).","Kremmyda et al., 2016.pdf"
Nigmatullina_2013_VestCereb_R,Nigmatullina,2013,The Neuroanatomical Correlates of Training-Related Perceptuo-Reflex Uncoupling in Dancers,Cerebral Cortex,10.1093/cercor/bht266,Long-term vestibular adaptation in professional ballet dancers,NA,Acquired,NA,192,29,20,21.9,29F/0M,MRI,Structural,1.5,FSL,-1.2040439935756897,NA,NA,NA,p < 0.05,t,4.21,↓ Patients < Controls,Posterior cerebellum (lobules VIII/IX),Cerebellum,Gray,R,NA,NA,NA,GM density (VBM),Vestibular,NA,NA,"Whole-brain VBM comparison (dancers < controls) showing reduced gray matter density in right posterior cerebellar lobules VIII/IX; peak t-value 4.21; Talairach coordinates reported in paper (20, -58, -58) but not entered as MNI; TFCE-corrected p < 0.05.","Nigmatullina et al., 2015.pdf"
Nigmatullina_2013_VestCereb_L,Nigmatullina,2013,The Neuroanatomical Correlates of Training-Related Perceptuo-Reflex Uncoupling in Dancers,Cerebral Cortex,10.1093/cercor/bht266,Long-term vestibular adaptation in professional ballet dancers,NA,Acquired,NA,192,29,20,21.9,29F/0M,MRI,Structural,1.5,FSL,-1.3356022446552187,NA,NA,NA,p < 0.05,t,4.67,↓ Patients < Controls,Posterior cerebellum (lobules VIII/IX),Cerebellum,Gray,L,NA,NA,NA,GM density (VBM),Vestibular,NA,NA,"Whole-brain VBM comparison (dancers < controls) showing reduced gray matter density in left posterior cerebellar lobules VIII/IX; peak t-value 4.67; Talairach coordinates reported in paper (-18, -62, -62) but not entered as MNI; TFCE-corrected p < 0.05.","Nigmatullina et al., 2015.pdf"
Nigmatullina_2013_OFC_R,Nigmatullina,2013,The Neuroanatomical Correlates of Training-Related Perceptuo-Reflex Uncoupling in Dancers,Cerebral Cortex,10.1093/cercor/bht266,Long-term vestibular adaptation in professional ballet dancers,NA,Acquired,NA,192,29,20,21.9,29F/0M,MRI,Structural,1.5,FSL,0.9495073773566008,NA,NA,NA,p < 0.05,t,3.32,↑ Patients > Controls,Superior orbitofrontal cortex,Frontal,Gray,R,NA,NA,NA,GM density (VBM),NA,NA,NA,"Whole-brain VBM comparison (dancers > controls) showing increased gray matter density in right superior orbitofrontal cortex; peak t-value 3.32; Talairach coordinates reported in paper (26, 66, 2) but not entered as MNI; TFCE-corrected p < 0.05.","Nigmatullina et al., 2015.pdf"
Schone_2022_RightPresubiculum_AcuteUniPVD,Schöne,2022,Hippocampal volume in patients with bilateral and unilateral peripheral vestibular dysfunction,NeuroImage: Clinical,10.1016/j.nicl.2022.103212,Peripheral vestibular dysfunction,Acute unilateral PVD,Acquired,NA,NA,15,39,47.35,5F/10M,MRI,Structural,3,FreeSurfer 6,NA,NA,NA,NA,0.0001,t,NA,↓ Patients < Controls,Presubiculum,Temporal,Gray,R,NA,NA,NA,GM volume,NA,NA,NA,ROI-based t-test comparison; volume reduced in acute unilateral PVD.,"Schöne et al., 2022.pdf"
Schone_2022_RightPresubiculum_ChronicUniPVD,Schöne,2022,Hippocampal volume in patients with bilateral and unilateral peripheral vestibular dysfunction,NeuroImage: Clinical,10.1016/j.nicl.2022.103212,Peripheral vestibular dysfunction,Chronic unilateral PVD,Acquired,NA,NA,21,39,56.52,6F/15M,MRI,Structural,3,FreeSurfer 6,NA,NA,NA,NA,0.016,t,NA,↓ Patients < Controls,Presubiculum,Temporal,Gray,R,NA,NA,NA,GM volume,NA,NA,NA,ROI-based t-test comparison; volume reduced in chronic unilateral PVD.,"Schöne et al., 2022.pdf"
Schone_2022_LeftSupramarginal_AcuteUniPVD,Schöne,2022,Hippocampal volume in patients with bilateral and unilateral peripheral vestibular dysfunction,NeuroImage: Clinical,10.1016/j.nicl.2022.103212,Peripheral vestibular dysfunction,Acute unilateral PVD,Acquired,NA,NA,15,39,47.35,5F/10M,MRI,Structural,3,FreeSurfer 6,NA,NA,NA,NA,0.018,t,NA,↓ Patients < Controls,Supramarginal gyrus,Parietal,Gray,L,NA,NA,NA,GM volume,NA,NA,NA,Reduced gray-matter volume; effect independent of lesion laterality.,"Schöne et al., 2022.pdf"
Schone_2022_LeftSupramarginal_ChronicUniPVD,Schöne,2022,Hippocampal volume in patients with bilateral and unilateral peripheral vestibular dysfunction,NeuroImage: Clinical,10.1016/j.nicl.2022.103212,Peripheral vestibular dysfunction,Chronic unilateral PVD,Acquired,NA,NA,21,39,56.52,6F/15M,MRI,Structural,3,FreeSurfer 6,NA,NA,NA,NA,0.011,t,NA,↓ Patients < Controls,Supramarginal gyrus,Parietal,Gray,L,NA,NA,NA,GM volume,NA,NA,NA,Reduced cortical volume in chronic unilateral PVD.,"Schöne et al., 2022.pdf"
Seo_2016_Hippocampus_L,Seo,2016,The change of hippocampal volume and its relevance with inner ear function in Meniere’s disease patients,Auris Nasus Larynx,10.1016/j.anl.2016.01.006,Ménière’s disease,Unilateral Ménière’s disease,Acquired,NA,44.4,38,76,49.2,13M/25F,MRI,Structural,3,IMOD,NA,NA,NA,NA,p < 0.001,NA,NA,↓ Patients < Controls,Hippocampus,Temporal,Gray,L,NA,NA,NA,Hippocampal volume,NA,NA,NA,Manually segmented left hippocampal gray matter volume on 3T MRI; unilateral Ménière’s disease vs age- and sex-matched healthy controls; patients showed significantly smaller left hippocampal volume than controls (p < 0.001).,"Seo et al., 2016.pdf"
Seo_2016_Hippocampus_R,Seo,2016,The change of hippocampal volume and its relevance with inner ear function in Meniere’s disease patients,Auris Nasus Larynx,10.1016/j.anl.2016.01.006,Ménière’s disease,Unilateral Ménière’s disease,Acquired,NA,44.4,38,76,49.2,13M/25F,MRI,Structural,3,IMOD,NA,NA,NA,NA,p < 0.001,NA,NA,↓ Patients < Controls,Hippocampus,Temporal,Gray,R,NA,NA,NA,Hippocampal volume,NA,NA,NA,Manually segmented right hippocampal gray matter volume on 3T MRI; unilateral Ménière’s disease vs age- and sex-matched healthy controls; patients showed significantly smaller right hippocampal volume than controls (p < 0.001).,"Seo et al., 2016.pdf"
Smith_2022_LMiFG_RFEF,Smith,2022,"The “vestibular neuromatrix”: A proposed, expanded vestibular network from graph theory in post-concussive vestibular dysfunction",Human Brain Mapping,10.1002/hbm.25737,Post-concussive vestibular dysfunction,NA,Acquired,NA,NA,18,27,23.43,12F/6M,fMRI,Functional,3,CONN toolbox (SPM8-based); FSL,NA,NA,NA,NA,NA,NA,NA,↓ Patients < Controls,L.MiFG–R.FEF functional connectivity,NA,NA,Bilateral,NA,NA,NA,Resting-state functional connectivity (rsfMRI),NA,NA,NA,Permutation tests on core network: left middle frontal gyrus–right frontal eye field connectivity stronger in controls than in post-concussive vestibular dysfunction (HC > ST); edge from consensus/core graph-theoretic analysis (Figure 4).:contentReference[oaicite:0]{index=0},"Smith et al., 2021.pdf"
Smith_2022_RIFG_RTE1p,Smith,2022,"The “vestibular neuromatrix”: A proposed, expanded vestibular network from graph theory in post-concussive vestibular dysfunction",Human Brain Mapping,10.1002/hbm.25737,Post-concussive vestibular dysfunction,NA,Acquired,NA,NA,18,27,23.43,12F/6M,fMRI,Functional,3,CONN toolbox (SPM8-based); FSL,NA,NA,NA,NA,NA,NA,NA,↓ Patients < Controls,R.IFG–R.TE1p functional connectivity,NA,NA,R,NA,NA,NA,Resting-state functional connectivity (rsfMRI),NA,NA,NA,Permutation tests on core network: right inferior frontal gyrus–right inferior temporal area TE1 (posterior) connectivity stronger in controls than in post-concussive vestibular dysfunction (HC > ST); edge highlighted as one of the most significant group differences (Figure 4).:contentReference[oaicite:1]{index=1},"Smith et al., 2021.pdf"
Smith_2022_LSEF_LMiCC,Smith,2022,"The “vestibular neuromatrix”: A proposed, expanded vestibular network from graph theory in post-concussive vestibular dysfunction",Human Brain Mapping,10.1002/hbm.25737,Post-concussive vestibular dysfunction,NA,Acquired,NA,NA,18,27,23.43,12F/6M,fMRI,Functional,3,CONN toolbox (SPM8-based); FSL,NA,NA,NA,NA,NA,NA,NA,↑ Patients > Controls,L.SEF–L.MiCC functional connectivity,NA,NA,L,NA,NA,NA,Resting-state functional connectivity (rsfMRI),NA,NA,NA,Permutation tests on core network: left supplementary eye field–left middle cingulate cortex connectivity stronger in post-concussive vestibular dysfunction than in controls (ST > HC); identified among edges with greatest statistical significance (Figure 4).:contentReference[oaicite:2]{index=2},"Smith et al., 2021.pdf"
Smith_2022_RMSO_RSMG,Smith,2022,"The “vestibular neuromatrix”: A proposed, expanded vestibular network from graph theory in post-concussive vestibular dysfunction",Human Brain Mapping,10.1002/hbm.25737,Post-concussive vestibular dysfunction,NA,Acquired,NA,NA,18,27,23.43,12F/6M,fMRI,Functional,3,CONN toolbox (SPM8-based); FSL,NA,NA,NA,NA,NA,NA,NA,↑ Patients > Controls,R.MSO–R.SMG functional connectivity,NA,NA,R,NA,NA,NA,Resting-state functional connectivity (rsfMRI),NA,NA,NA,Permutation tests on core network: right multisensory orientation area–right supramarginal gyrus connectivity stronger in post-concussive vestibular dysfunction than in controls (ST > HC); highlighted as one of the strongest group differences (Figure 4).:contentReference[oaicite:3]{index=3},"Smith et al., 2021.pdf"
Wurthmann_2017_L_STG,Wurthmann,2017,Cerebral gray matter changes in persistent postural perceptual dizziness,Journal of Psychosomatic Research,10.1016/j.jpsychores.2017.10.007,Persistent postural perceptual dizziness,NA,Acquired,NA,45.36,42,42,39.28,22F/20M,MRI,Structural,1.5,SPM8/SPM12 (VBM with DARTEL),-0.949187762556777,NA,NA,NA,0.002,t,4.39,↓ Patients < Controls,Superior temporal gyrus,Temporal,Gray,L,-51,-16,-5,GM volume,NA,NA,NA,"Whole-brain VBM, PPPD patients showed decreased GM volume vs age- and gender-matched controls; ROI-level FWE-corrected p=0.002.","Wurthmann et al., 2017.pdf"
Wurthmann_2017_L_MTG_MT_V5,Wurthmann,2017,Cerebral gray matter changes in persistent postural perceptual dizziness,Journal of Psychosomatic Research,10.1016/j.jpsychores.2017.10.007,Persistent postural perceptual dizziness,NA,Acquired,NA,45.36,42,42,39.28,22F/20M,MRI,Structural,1.5,SPM8/SPM12 (VBM with DARTEL),-0.8821608362714467,NA,NA,NA,0.01,t,4.08,↓ Patients < Controls,Middle temporal gyrus (MT/V5),Temporal,Gray,L,-50,-57,4,GM volume,NA,NA,NA,"Whole-brain VBM, MT/V5 cluster in left middle temporal gyrus; ROI-level FWE-corrected p=0.01.","Wurthmann et al., 2017.pdf"
Wurthmann_2017_L_MTG_Anterior,Wurthmann,2017,Cerebral gray matter changes in persistent postural perceptual dizziness,Journal of Psychosomatic Research,10.1016/j.jpsychores.2017.10.007,Persistent postural perceptual dizziness,NA,Acquired,NA,45.36,42,42,39.28,22F/20M,MRI,Structural,1.5,SPM8/SPM12 (VBM with DARTEL),-0.8043231154239661,NA,NA,NA,0.028,t,3.72,↓ Patients < Controls,Middle temporal gyrus,Temporal,Gray,L,-60,-34,4,GM volume,NA,NA,NA,"Whole-brain VBM, anterior left middle temporal gyrus cluster; ROI-level FWE-corrected p=0.028.","Wurthmann et al., 2017.pdf"
Wurthmann_2017_R_MTG,Wurthmann,2017,Cerebral gray matter changes in persistent postural perceptual dizziness,Journal of Psychosomatic Research,10.1016/j.jpsychores.2017.10.007,Persistent postural perceptual dizziness,NA,Acquired,NA,45.36,42,42,39.28,22F/20M,MRI,Structural,1.5,SPM8/SPM12 (VBM with DARTEL),-0.7113502821894754,NA,NA,NA,0.001,t,3.29,↓ Patients < Controls,Middle temporal gyrus,Temporal,Gray,R,68,-27,-15,GM volume,NA,NA,NA,"Whole-brain VBM, right middle temporal gyrus cluster; significant at uncorrected p<0.001, ROI analysis non-significant.","Wurthmann et al., 2017.pdf"
Wurthmann_2017_R_PrecentralGyrus,Wurthmann,2017,Cerebral gray matter changes in persistent postural perceptual dizziness,Journal of Psychosomatic Research,10.1016/j.jpsychores.2017.10.007,Persistent postural perceptual dizziness,NA,Acquired,NA,45.36,42,42,39.28,22F/20M,MRI,Structural,1.5,SPM8/SPM12 (VBM with DARTEL),-0.8194582278109762,NA,NA,NA,0.002,t,3.79,↓ Patients < Controls,Precentral gyrus,Frontal,Gray,R,2,-34,67,GM volume,NA,NA,NA,"Whole-brain VBM, right precentral gyrus cluster; ROI-level FWE-corrected p=0.002.","Wurthmann et al., 2017.pdf"
Wurthmann_2017_L_Cerebellum,Wurthmann,2017,Cerebral gray matter changes in persistent postural perceptual dizziness,Journal of Psychosomatic Research,10.1016/j.jpsychores.2017.10.007,Persistent postural perceptual dizziness,NA,Acquired,NA,45.36,42,42,39.28,22F/20M,MRI,Structural,1.5,SPM8/SPM12 (VBM with DARTEL),-0.9470256036443471,NA,NA,NA,0.002,t,4.38,↓ Patients < Controls,Cerebellum,Cerebellum,Gray,L,-20,-60,-44,GM volume,NA,NA,NA,"Whole-brain VBM, left cerebellar cluster; ROI-level FWE-corrected p=0.002.","Wurthmann et al., 2017.pdf"
Wurthmann_2017_R_Cerebellum,Wurthmann,2017,Cerebral gray matter changes in persistent postural perceptual dizziness,Journal of Psychosomatic Research,10.1016/j.jpsychores.2017.10.007,Persistent postural perceptual dizziness,NA,Acquired,NA,45.36,42,42,39.28,22F/20M,MRI,Structural,1.5,SPM8/SPM12 (VBM with DARTEL),-0.7718907317375157,NA,NA,NA,p<0.001,t,3.57,↓ Patients < Controls,Cerebellum,Cerebellum,Gray,R,15,-52,-30,GM volume,NA,NA,NA,"Whole-brain VBM, right cerebellar cluster; significant at uncorrected p<0.001, ROI analysis non-significant.","Wurthmann et al., 2017.pdf"
Wurthmann_2017_L_Caudate,Wurthmann,2017,Cerebral gray matter changes in persistent postural perceptual dizziness,Journal of Psychosomatic Research,10.1016/j.jpsychores.2017.10.007,Persistent postural perceptual dizziness,NA,Acquired,NA,45.36,42,42,39.28,22F/20M,MRI,Structural,1.5,SPM8/SPM12 (VBM with DARTEL),-0.8562149293222865,NA,NA,NA,p<0.001,t,3.96,↓ Patients < Controls,Caudate nucleus,Subcortical,Gray,L,-9,14,21,GM volume,NA,NA,NA,"Whole-brain VBM, left caudate nucleus cluster; uncorrected p<0.001, ROI/FWE not applicable.","Wurthmann et al., 2017.pdf"
Wurthmann_2017_L_PosteriorHippocampus,Wurthmann,2017,Cerebral gray matter changes in persistent postural perceptual dizziness,Journal of Psychosomatic Research,10.1016/j.jpsychores.2017.10.007,Persistent postural perceptual dizziness,NA,Acquired,NA,45.36,42,42,39.28,22F/20M,MRI,Structural,1.5,SPM8/SPM12 (VBM with DARTEL),-0.7589177782629356,NA,NA,NA,p<0.001,t,3.51,↓ Patients < Controls,Hippocampus (posterior),Temporal,Gray,L,-24,-46,1,GM volume,NA,NA,NA,"Whole-brain VBM, left posterior hippocampus cluster; significant at uncorrected p<0.001, ROI analysis non-significant.","Wurthmann et al., 2017.pdf"
Wurthmann_2017_L_DLPFC,Wurthmann,2017,Cerebral gray matter changes in persistent postural perceptual dizziness,Journal of Psychosomatic Research,10.1016/j.jpsychores.2017.10.007,Persistent postural perceptual dizziness,NA,Acquired,NA,45.36,42,42,39.28,22F/20M,MRI,Structural,1.5,SPM8/SPM12 (VBM with DARTEL),-0.7135124411019053,NA,NA,NA,0.001,t,3.3,↓ Patients < Controls,Dorsolateral prefrontal cortex,Frontal,Gray,L,-40,32,28,GM volume,NA,NA,NA,"Whole-brain VBM, left dorsolateral prefrontal cortex cluster; significant at uncorrected p<0.001, ROI analysis non-significant.","Wurthmann et al., 2017.pdf"
Wurthmann_2017_L_ACC,Wurthmann,2017,Cerebral gray matter changes in persistent postural perceptual dizziness,Journal of Psychosomatic Research,10.1016/j.jpsychores.2017.10.007,Persistent postural perceptual dizziness,NA,Acquired,NA,45.36,42,42,39.28,22F/20M,MRI,Structural,1.5,SPM8/SPM12 (VBM with DARTEL),-0.7178367589267654,NA,NA,NA,0.001,t,3.32,↓ Patients < Controls,Anterior cingulate cortex,Frontal,Gray,L,-14,38,7,GM volume,NA,NA,NA,"Whole-brain VBM, left anterior cingulate cortex cluster; significant at uncorrected p<0.001, ROI analysis non-significant.","Wurthmann et al., 2017.pdf"
vanCruijsen_2007_L_Hippocampus,van Cruijsen,2007,Hippocampal volume measurement in patients with Ménière’s disease: a pilot study,Acta Oto-Laryngologica,10.1080/00016480601127000,Ménière’s disease,Mixed unilateral (n=7) and bilateral (n=3) Ménière’s disease,Acquired,NA,118.8,10,10,50.6,4F/6M,MRI,Structural,1,Imod (manual hippocampal tracing),NA,NA,NA,NA,p < 0.05,Mann–Whitney U,NA,↓ Patients < Controls,Hippocampus,Temporal,Gray,L,NA,NA,NA,Hippocampal volume,NA,NA,NA,Absolute left hippocampal volume (uncorrected for head size) significantly smaller in Ménière’s disease patients vs controls for both raters; difference disappears after correction for partial brain or intracranial volume.,"van Cruijsen et al., 2007.pdf"
zuEulenburg_2010_MedialVestibularNuclei,zu Eulenburg,2010,Voxel-Based Morphometry Depicts Central Compensation after Vestibular Neuritis,Annals of Neurology,10.1002/ana.22063,Vestibular neuritis,NA,Acquired,"Mixed (10 right, 12 left)",30,22,22,56.7,9F/13M,MRI,Structural,1.5,SPM5 + VBM5,1.3442711779570042,NA,NA,NA,p < 0.001 (uncorrected); small-volume corrected p < 0.05,t,4.54,↑ Patients > Controls,Medial vestibular nuclei,Brainstem,Gray,Bilateral,-1,-29,-41,GM volume (VBM),Vestibular,NA,NA,Whole-group VN vs age- and sex-matched controls; gray matter volume increase in medial vestibular nuclei; VBM cluster-level finding.,"zu Eulenburg, Stoeter & Dieterich, 2010.pdf"
zuEulenburg_2010_RightGracileNucleus,zu Eulenburg,2010,Voxel-Based Morphometry Depicts Central Compensation after Vestibular Neuritis,Annals of Neurology,10.1002/ana.22063,Vestibular neuritis,NA,Acquired,"Mixed (10 right, 12 left)",30,22,22,56.7,9F/13M,MRI,Structural,1.5,SPM5 + VBM5,1.3235445298387243,NA,NA,NA,p < 0.001 (uncorrected); small-volume corrected p < 0.05,t,4.47,↑ Patients > Controls,Gracile nucleus,Brainstem,Gray,R,4,-44,-56,GM volume (VBM),Somatosensory,NA,NA,"Whole-group VN vs controls; gray matter increase in right gracile nucleus, interpreted as somatosensory contribution to compensation.","zu Eulenburg, Stoeter & Dieterich, 2010.pdf"
zuEulenburg_2010_RightSuperiorFrontalGyrus,zu Eulenburg,2010,Voxel-Based Morphometry Depicts Central Compensation after Vestibular Neuritis,Annals of Neurology,10.1002/ana.22063,Vestibular neuritis,NA,Acquired,"Mixed (10 right, 12 left)",30,22,22,56.7,9F/13M,MRI,Structural,1.5,SPM5 + VBM5,-1.5396938602150707,NA,NA,NA,p < 0.001 (uncorrected); small-volume corrected p < 0.05,t,5.2,↓ Patients < Controls,Superior frontal gyrus,Frontal,Gray,R,19,-2,70,GM volume (VBM),Vestibular,NA,NA,Whole-group VN vs controls; gray matter decrease in right superior frontal gyrus (BA 6) interpreted as secondary to reduced vestibular input.,"zu Eulenburg, Stoeter & Dieterich, 2010.pdf"
zuEulenburg_2010_RightSuperiorTemporalGyrus,zu Eulenburg,2010,Voxel-Based Morphometry Depicts Central Compensation after Vestibular Neuritis,Annals of Neurology,10.1002/ana.22063,Vestibular neuritis,NA,Acquired,"Mixed (10 right, 12 left)",30,22,22,56.7,9F/13M,MRI,Structural,1.5,SPM5 + VBM5,-1.347232127688187,NA,NA,NA,p < 0.001 (uncorrected); small-volume corrected p < 0.05,t,4.55,↓ Patients < Controls,Superior temporal gyrus,Temporal,Gray,R,NA,NA,NA,GM volume (VBM),Vestibular,NA,NA,"Whole-group VN vs controls; gray matter decrease in right superior temporal gyrus (BA 22/42), part of vestibular multisensory network. Coordinates not clearly readable in text.","zu Eulenburg, Stoeter & Dieterich, 2010.pdf"
zuEulenburg_2010_LeftPosteriorHippocampus,zu Eulenburg,2010,Voxel-Based Morphometry Depicts Central Compensation after Vestibular Neuritis,Annals of Neurology,10.1002/ana.22063,Vestibular neuritis,NA,Acquired,"Mixed (10 right, 12 left)",30,22,22,56.7,9F/13M,MRI,Structural,1.5,SPM5 + VBM5,-1.2820912336021648,NA,NA,NA,p < 0.001 (uncorrected); small-volume corrected p < 0.05,t,4.33,↓ Patients < Controls,Posterior hippocampus,Temporal,Gray,L,NA,NA,NA,GM volume (VBM),Vestibular,NA,NA,"Whole-group VN vs controls; gray matter decrease in left posterior hippocampus, interpreted as reduced vestibular input to spatial memory system. Coordinates ambiguous in text and therefore left null.","zu Eulenburg, Stoeter & Dieterich, 2010.pdf"
zuEulenburg_2010_VestibularCommissuralFibers,zu Eulenburg,2010,Voxel-Based Morphometry Depicts Central Compensation after Vestibular Neuritis,Annals of Neurology,10.1002/ana.22063,Vestibular neuritis,NA,Acquired,"Mixed (10 right, 12 left)",30,22,22,56.7,9F/13M,MRI,Structural,1.5,SPM5 + VBM5,1.4449434688172202,NA,NA,NA,p < 0.001 (uncorrected); small-volume corrected p < 0.05,t,4.88,↑ Patients > Controls,Vestibular commissural fibers,Brainstem,White,NA,5,-46,-55,WM volume (VBM),Vestibular,NA,NA,"Whole-group VN vs controls; white matter volume increase in pontine commissural vestibular fibers, reflecting increased internuclear crosstalk during compensation.","zu Eulenburg, Stoeter & Dieterich, 2010.pdf"
zuEulenburg_2010_PontomesencephalicTegmentum,zu Eulenburg,2010,Voxel-Based Morphometry Depicts Central Compensation after Vestibular Neuritis,Annals of Neurology,10.1002/ana.22063,Vestibular neuritis,NA,Acquired,"Mixed (10 right, 12 left)",30,22,22,56.7,9F/13M,MRI,Structural,1.5,SPM5 + VBM5,NA,NA,NA,NA,p < 0.001 (uncorrected); small-volume corrected p < 0.05,t,NA,↓ Patients < Controls,Pontomesencephalic tegmentum,Brainstem,White,NA,NA,NA,NA,WM volume (VBM),Vestibular,NA,NA,Whole-group VN vs controls; white matter signal decrease dorsally to medial vestibular nuclei in pontomesencephalic tegmentum. Exact coordinates and t-value not legible.,"zu Eulenburg, Stoeter & Dieterich, 2010.pdf"
zuEulenburg_2010_MT_V5_ResidualCanalParesis,zu Eulenburg,2010,Voxel-Based Morphometry Depicts Central Compensation after Vestibular Neuritis,Annals of Neurology,10.1002/ana.22063,Vestibular neuritis,Residual canal paresis subgroup,Acquired,"Mixed (10 right, 12 left in full VN sample; subgroup with residual canal paresis)",30,14,14,NA,NA,MRI,Structural,1.5,SPM5 + VBM5,NA,NA,NA,NA,p < 0.001 (uncorrected); small-volume corrected p < 0.05,t,NA,↑ Patients > Controls,Middle temporal visual area (MT/V5),Temporal,Gray,Bilateral,NA,NA,NA,GM volume (VBM),Visual,NA,NA,"Subgroup analysis: VN patients with residual canal paresis (n = 14) vs matched controls; bilateral gray matter increase in MT/V5, stronger in right hemisphere. Coordinates and t-values not reported in table excerpt.","zu Eulenburg, Stoeter & Dieterich, 2010.pdf"
zuEulenburg_2010_LeftMT_V5_RightVN,zu Eulenburg,2010,Voxel-Based Morphometry Depicts Central Compensation after Vestibular Neuritis,Annals of Neurology,10.1002/ana.22063,Vestibular neuritis,Right-sided VN (VNR subgroup),Acquired,Right,30,10,10,NA,NA,MRI,Structural,1.5,SPM5 + VBM5,5.5210093060228616,NA,NA,NA,p < 0.001 (uncorrected); small-volume corrected p < 0.05,t,12.89,↑ Patients > Controls,Middle temporal visual area (MT/V5),Temporal,Gray,L,-35,-79,9,GM volume (VBM),Visual,NA,NA,Right-sided VN (VNR) vs matched controls; gray matter increase in left MT/V5. Subgroup analysis focusing on lesion side.,"zu Eulenburg, Stoeter & Dieterich, 2010.pdf"
zuEulenburg_2010_RightMT_V5_RightVN,zu Eulenburg,2010,Voxel-Based Morphometry Depicts Central Compensation after Vestibular Neuritis,Annals of Neurology,10.1002/ana.22063,Vestibular neuritis,Right-sided VN (VNR subgroup),Acquired,Right,30,10,10,NA,NA,MRI,Structural,1.5,SPM5 + VBM5,6.022140484304223,NA,NA,NA,p < 0.001 (uncorrected); small-volume corrected p < 0.05,t,14.06,↑ Patients > Controls,Middle temporal visual area (MT/V5),Temporal,Gray,R,43,-70,15,GM volume (VBM),Visual,NA,NA,Right-sided VN (VNR) vs matched controls; gray matter increase in right MT/V5. Subgroup analysis of lesion-side specific plasticity.,"zu Eulenburg, Stoeter & Dieterich, 2010.pdf"
zuEulenburg_2010_LeftPrecuneus_SuperiorParietalWM_RightVN,zu Eulenburg,2010,Voxel-Based Morphometry Depicts Central Compensation after Vestibular Neuritis,Annals of Neurology,10.1002/ana.22063,Vestibular neuritis,Right-sided VN (VNR subgroup),Acquired,Right,30,10,10,NA,NA,MRI,Structural,1.5,SPM5 + VBM5,-3.203813003029558,NA,NA,NA,p < 0.001 (uncorrected); small-volume corrected p < 0.05,t,7.48,↓ Patients < Controls,Precuneus / superior parietal white matter,Parietal,White,L,-27,-53,49,WM volume (VBM),Vestibular,NA,NA,Right-sided VN (VNR) vs matched controls; white matter decrease in left precuneus and superior parietal lobule (BA 7).,"zu Eulenburg, Stoeter & Dieterich, 2010.pdf"
